ID_Contrato,Produto,Valor_Nocional,Taxa_Contratada_AA,Prazo_Remanescente_Meses,Indexador,Rating_2682,Dias_Atraso
1001,Parcelado_Loja,23774.04,0.2138,42,POS-CDI,AA,0
1002,Emprestimo_Pessoal,37341.81,0.183,21,PRE,AA,0
1003,Parcelado_Loja,43655.72,0.2419,35,PRE,A,0
1004,Parcelado_Loja,21965.94,0.2565,41,PRE,A,0
1005,Emprestimo_Pessoal,2661.25,0.1226,40,POS-CDI,AA,0
1006,Emprestimo_Pessoal,8502.79,0.1573,3,PRE,AA,45
1007,Parcelado_Loja,1532.63,0.2484,25,PRE,E,0
1008,Cartao_Credito,32836.52,0.1896,45,POS-CDI,H,0
1009,Parcelado_Loja,16949.57,0.2392,38,POS-CDI,G,0
1010,Parcelado_Loja,27352.69,0.1825,45,PRE,D,0
1011,Parcelado_Loja,24917.2,0.1903,20,PRE,AA,15
1012,Parcelado_Loja,4535.56,0.1486,44,PRE,A,0
1013,Emprestimo_Pessoal,20461.44,0.1665,45,PRE,A,0
1014,Parcelado_Loja,11417.78,0.229,34,PRE,A,0
1015,Cartao_Credito,21210.79,0.198,21,PRE,AA,5
1016,Emprestimo_Pessoal,10577.12,0.2594,23,PRE,A,0
1017,Cartao_Credito,42102.39,0.2735,6,POS-CDI,A,200
1018,Cartao_Credito,9122.57,0.2175,13,POS-CDI,AA,0
1019,Cartao_Credito,48058.64,0.2565,23,PRE,B,0
1020,Cartao_Credito,21087.41,0.1752,9,PRE,AA,0
1021,Emprestimo_Pessoal,42389.14,0.1947,17,PRE,AA,5
1022,Emprestimo_Pessoal,31623.86,0.2483,2,PRE,AA,5
1023,Cartao_Credito,36899.84,0.1895,19,POS-CDI,AA,0
1024,Cartao_Credito,38502.33,0.2259,19,PRE,AA,0
1025,Emprestimo_Pessoal,25489.82,0.1534,7,PRE,E,0
1026,Emprestimo_Pessoal,27393.38,0.228,42,PRE,A,0
1027,Emprestimo_Pessoal,25942.8,0.2751,42,PRE,A,0
1028,Parcelado_Loja,29608.89,0.2764,20,PRE,AA,0
1029,Parcelado_Loja,1955.03,0.2504,9,PRE,A,0
1030,Parcelado_Loja,20078.0,0.2542,17,PRE,B,0
1031,Cartao_Credito,30506.34,0.2204,27,PRE,A,0
1032,Parcelado_Loja,30087.32,0.2252,47,POS-CDI,B,0
1033,Cartao_Credito,39751.33,0.1441,2,POS-CDI,E,5
1034,Cartao_Credito,32922.96,0.1999,36,PRE,D,0
1035,Parcelado_Loja,49610.6,0.2011,19,PRE,A,0
1036,Cartao_Credito,14550.8,0.2925,17,PRE,AA,0
1037,Parcelado_Loja,18277.98,0.1976,5,PRE,A,0
1038,Parcelado_Loja,19500.43,0.2189,39,PRE,A,0
1039,Emprestimo_Pessoal,23557.73,0.216,18,PRE,B,0
1040,Parcelado_Loja,41881.9,0.2346,7,PRE,C,0
1041,Emprestimo_Pessoal,12171.71,0.2547,17,PRE,B,5
1042,Parcelado_Loja,38912.01,0.1605,39,PRE,C,0
1043,Parcelado_Loja,20562.85,0.2152,36,PRE,AA,0
1044,Emprestimo_Pessoal,30291.84,0.2687,40,POS-CDI,AA,45
1045,Emprestimo_Pessoal,31810.76,0.2034,45,PRE,AA,0
1046,Parcelado_Loja,18956.01,0.1701,4,PRE,E,0
1047,Cartao_Credito,25874.45,0.2378,38,PRE,C,15
1048,Emprestimo_Pessoal,20945.04,0.2683,25,POS-CDI,A,0
1049,Cartao_Credito,3922.07,0.1314,5,POS-CDI,B,0
1050,Cartao_Credito,22139.69,0.2598,30,POS-CDI,B,200
1051,Cartao_Credito,5320.97,0.2679,12,PRE,F,0
1052,Emprestimo_Pessoal,20548.53,0.2031,4,PRE,C,5
1053,Cartao_Credito,29849.46,0.297,24,POS-CDI,A,0
1054,Emprestimo_Pessoal,29181.04,0.2616,29,PRE,A,0
1055,Cartao_Credito,33299.75,0.2593,9,PRE,AA,0
1056,Parcelado_Loja,5215.44,0.2546,4,POS-CDI,A,100
1057,Parcelado_Loja,32780.1,0.1471,24,PRE,A,0
1058,Emprestimo_Pessoal,15951.33,0.1591,14,PRE,AA,0
1059,Parcelado_Loja,20252.77,0.2035,5,PRE,C,0
1060,Parcelado_Loja,42970.32,0.1675,18,PRE,A,0
1061,Cartao_Credito,947.01,0.1947,42,PRE,G,0
1062,Emprestimo_Pessoal,29626.43,0.2799,19,PRE,AA,5
1063,Cartao_Credito,30136.34,0.2684,12,POS-CDI,A,0
1064,Cartao_Credito,20134.66,0.2334,18,PRE,A,0
1065,Cartao_Credito,12232.88,0.2745,17,POS-CDI,AA,0
1066,Cartao_Credito,12116.36,0.2611,30,PRE,A,0
1067,Cartao_Credito,44243.63,0.1972,24,PRE,AA,0
1068,Cartao_Credito,22380.21,0.1562,11,POS-CDI,AA,0
1069,Cartao_Credito,16879.02,0.2126,35,POS-CDI,AA,0
1070,Emprestimo_Pessoal,22714.49,0.2525,23,PRE,AA,0
1071,Parcelado_Loja,33634.82,0.1986,17,POS-CDI,B,0
1072,Cartao_Credito,7714.95,0.24,1,POS-CDI,AA,0
1073,Cartao_Credito,22746.97,0.137,15,POS-CDI,A,0
1074,Cartao_Credito,29600.28,0.2546,32,PRE,B,5
1075,Cartao_Credito,47454.88,0.2663,9,POS-CDI,A,0
1076,Cartao_Credito,13000.13,0.2472,15,POS-CDI,E,0
1077,Cartao_Credito,18282.91,0.2941,28,POS-CDI,B,0
1078,Parcelado_Loja,19278.25,0.2688,24,PRE,B,0
1079,Parcelado_Loja,30474.14,0.2826,35,PRE,AA,0
1080,Cartao_Credito,18158.24,0.288,22,PRE,B,0
1081,Parcelado_Loja,26908.84,0.2642,27,PRE,C,0
1082,Emprestimo_Pessoal,39198.62,0.2414,19,POS-CDI,AA,0
1083,Cartao_Credito,35416.59,0.121,45,PRE,AA,0
1084,Emprestimo_Pessoal,22595.25,0.2038,12,PRE,AA,0
1085,Emprestimo_Pessoal,43278.7,0.2228,20,POS-CDI,B,0
1086,Cartao_Credito,28127.94,0.1747,1,PRE,A,0
1087,Parcelado_Loja,27225.34,0.1773,21,PRE,B,0
1088,Emprestimo_Pessoal,2192.29,0.293,45,PRE,AA,15
1089,Cartao_Credito,49341.3,0.2805,1,PRE,C,45
1090,Emprestimo_Pessoal,6587.06,0.2729,10,PRE,AA,0
1091,Emprestimo_Pessoal,11940.98,0.1931,47,POS-CDI,AA,0
1092,Emprestimo_Pessoal,3058.99,0.1225,32,PRE,A,0
1093,Emprestimo_Pessoal,32180.15,0.1344,39,PRE,AA,0
1094,Parcelado_Loja,11622.71,0.1762,22,PRE,AA,0
1095,Emprestimo_Pessoal,9410.52,0.1228,18,PRE,AA,15
1096,Emprestimo_Pessoal,4883.5,0.1231,46,PRE,A,0
1097,Emprestimo_Pessoal,5613.79,0.285,32,PRE,E,200
1098,Parcelado_Loja,29441.2,0.2471,27,PRE,C,0
1099,Emprestimo_Pessoal,34566.29,0.1756,28,POS-CDI,A,0
1100,Emprestimo_Pessoal,20170.26,0.1439,18,PRE,AA,0
1101,Parcelado_Loja,24254.91,0.2121,39,PRE,A,5
1102,Parcelado_Loja,34455.4,0.121,29,POS-CDI,B,0
1103,Parcelado_Loja,1360.3,0.2889,18,PRE,AA,0
1104,Emprestimo_Pessoal,16494.97,0.1947,44,PRE,AA,5
1105,Parcelado_Loja,48668.34,0.1924,8,PRE,AA,0
1106,Parcelado_Loja,29215.56,0.1903,31,PRE,B,0
1107,Emprestimo_Pessoal,13084.12,0.1325,34,PRE,AA,0
1108,Parcelado_Loja,26325.64,0.2349,7,PRE,C,0
1109,Emprestimo_Pessoal,17461.35,0.2519,36,PRE,AA,0
1110,Cartao_Credito,26846.13,0.2417,18,PRE,AA,0
1111,Parcelado_Loja,6724.2,0.1449,38,PRE,A,0
1112,Cartao_Credito,7069.38,0.2242,9,PRE,A,0
1113,Emprestimo_Pessoal,7605.35,0.2225,9,POS-CDI,AA,0
1114,Parcelado_Loja,47021.08,0.2763,46,POS-CDI,AA,0
1115,Emprestimo_Pessoal,36778.5,0.1882,8,POS-CDI,AA,5
1116,Cartao_Credito,8537.9,0.1869,35,PRE,AA,5
1117,Emprestimo_Pessoal,9823.28,0.2313,18,PRE,AA,0
1118,Parcelado_Loja,36676.06,0.234,5,PRE,F,0
1119,Parcelado_Loja,8230.11,0.2045,14,PRE,A,0
1120,Cartao_Credito,12110.78,0.1998,28,PRE,A,0
1121,Emprestimo_Pessoal,48185.67,0.2089,30,PRE,AA,0
1122,Parcelado_Loja,13137.67,0.275,4,PRE,AA,0
1123,Cartao_Credito,33250.8,0.203,39,PRE,AA,0
1124,Parcelado_Loja,48942.25,0.2892,20,POS-CDI,A,0
1125,Parcelado_Loja,19027.69,0.2107,25,PRE,A,0
1126,Emprestimo_Pessoal,1367.04,0.2909,28,PRE,AA,0
1127,Parcelado_Loja,12585.29,0.2699,12,PRE,B,0
1128,Emprestimo_Pessoal,41628.42,0.1852,2,PRE,A,0
1129,Parcelado_Loja,43298.14,0.2755,43,PRE,AA,0
1130,Cartao_Credito,38541.71,0.1398,14,PRE,AA,15
1131,Parcelado_Loja,6098.94,0.2865,22,PRE,A,0
1132,Emprestimo_Pessoal,39877.76,0.2337,31,POS-CDI,B,0
1133,Emprestimo_Pessoal,45974.55,0.1298,23,POS-CDI,AA,0
1134,Cartao_Credito,30230.17,0.236,20,POS-CDI,AA,0
1135,Parcelado_Loja,47073.33,0.2954,38,POS-CDI,A,0
1136,Parcelado_Loja,41428.52,0.1326,4,PRE,AA,0
1137,Cartao_Credito,33515.09,0.2198,15,PRE,A,0
1138,Parcelado_Loja,29070.67,0.2546,24,PRE,A,0
1139,Parcelado_Loja,17754.4,0.2658,25,PRE,AA,0
1140,Emprestimo_Pessoal,8384.73,0.1945,1,PRE,AA,0
1141,Parcelado_Loja,30445.22,0.1567,7,POS-CDI,A,0
1142,Parcelado_Loja,16246.52,0.1276,31,PRE,AA,15
1143,Cartao_Credito,43388.71,0.2244,12,PRE,AA,0
1144,Cartao_Credito,49670.18,0.2015,42,PRE,B,0
1145,Emprestimo_Pessoal,37745.17,0.2908,5,POS-CDI,AA,0
1146,Parcelado_Loja,4978.84,0.1309,44,PRE,A,0
1147,Parcelado_Loja,14789.94,0.2434,42,POS-CDI,AA,0
1148,Parcelado_Loja,5900.93,0.1245,38,POS-CDI,A,0
1149,Emprestimo_Pessoal,32700.33,0.1509,12,POS-CDI,AA,0
1150,Emprestimo_Pessoal,38376.95,0.2016,39,POS-CDI,F,0
1151,Cartao_Credito,46320.9,0.2019,18,POS-CDI,B,5
1152,Emprestimo_Pessoal,22189.53,0.2434,2,PRE,AA,0
1153,Parcelado_Loja,45118.09,0.2838,10,PRE,A,0
1154,Parcelado_Loja,43955.61,0.235,15,PRE,AA,0
1155,Emprestimo_Pessoal,16201.19,0.2916,30,PRE,A,0
1156,Parcelado_Loja,43510.58,0.2787,44,POS-CDI,C,0
1157,Parcelado_Loja,19095.78,0.2252,17,PRE,A,45
1158,Emprestimo_Pessoal,15195.03,0.2701,4,POS-CDI,AA,0
1159,Emprestimo_Pessoal,32629.2,0.2357,7,PRE,A,0
1160,Parcelado_Loja,16754.87,0.1341,41,PRE,AA,45
1161,Parcelado_Loja,31695.33,0.2533,31,POS-CDI,B,0
1162,Parcelado_Loja,30686.67,0.1371,39,PRE,A,0
1163,Cartao_Credito,28390.23,0.2269,34,PRE,AA,0
1164,Cartao_Credito,19330.78,0.2465,6,PRE,AA,0
1165,Cartao_Credito,27650.74,0.132,38,PRE,B,0
1166,Emprestimo_Pessoal,30026.03,0.1615,45,PRE,B,0
1167,Cartao_Credito,27511.5,0.2848,34,PRE,AA,0
1168,Emprestimo_Pessoal,22498.76,0.2309,44,PRE,AA,0
1169,Emprestimo_Pessoal,1226.02,0.1643,15,POS-CDI,A,0
1170,Cartao_Credito,29559.55,0.2443,14,POS-CDI,AA,0
1171,Cartao_Credito,8838.0,0.2274,6,PRE,AA,0
1172,Cartao_Credito,32307.51,0.2103,37,PRE,AA,0
1173,Parcelado_Loja,38087.54,0.2957,32,POS-CDI,AA,0
1174,Cartao_Credito,25272.04,0.243,3,PRE,A,0
1175,Parcelado_Loja,27347.0,0.1876,3,PRE,H,0
1176,Emprestimo_Pessoal,47598.19,0.264,22,PRE,A,45
1177,Parcelado_Loja,42434.78,0.2792,22,POS-CDI,AA,0
1178,Cartao_Credito,45754.71,0.1425,10,PRE,A,0
1179,Emprestimo_Pessoal,40781.43,0.1561,3,PRE,A,5
1180,Emprestimo_Pessoal,5891.46,0.1589,12,PRE,AA,0
1181,Emprestimo_Pessoal,7875.1,0.2444,29,PRE,E,0
1182,Parcelado_Loja,26567.88,0.2285,17,PRE,A,0
1183,Cartao_Credito,12680.45,0.2314,7,PRE,H,0
1184,Emprestimo_Pessoal,24096.43,0.2893,13,POS-CDI,A,0
1185,Emprestimo_Pessoal,20021.08,0.2597,2,POS-CDI,A,0
1186,Emprestimo_Pessoal,27696.0,0.143,4,PRE,AA,0
1187,Parcelado_Loja,37470.35,0.1826,10,PRE,A,0
1188,Parcelado_Loja,35916.8,0.1984,39,PRE,AA,0
1189,Cartao_Credito,26301.09,0.1913,24,POS-CDI,C,0
1190,Parcelado_Loja,41208.47,0.2405,17,POS-CDI,B,0
1191,Emprestimo_Pessoal,21827.67,0.2805,6,PRE,C,0
1192,Cartao_Credito,44887.36,0.1751,19,PRE,B,5
1193,Emprestimo_Pessoal,4028.37,0.2193,5,POS-CDI,C,0
1194,Emprestimo_Pessoal,47755.67,0.2621,32,PRE,AA,0
1195,Parcelado_Loja,32907.31,0.1949,10,PRE,A,0
1196,Cartao_Credito,19313.69,0.1503,9,PRE,A,5
1197,Parcelado_Loja,10259.13,0.2055,27,PRE,A,0
1198,Parcelado_Loja,24219.57,0.1299,13,PRE,B,0
1199,Cartao_Credito,10130.64,0.2896,19,POS-CDI,AA,200
1200,Emprestimo_Pessoal,8733.41,0.1335,21,PRE,AA,200
1201,Emprestimo_Pessoal,31058.91,0.1989,24,PRE,E,0
1202,Cartao_Credito,26392.69,0.2154,38,PRE,A,0
1203,Emprestimo_Pessoal,33669.75,0.2974,4,PRE,AA,0
1204,Cartao_Credito,46515.49,0.1499,24,PRE,B,5
1205,Cartao_Credito,26846.88,0.1406,35,PRE,E,0
1206,Parcelado_Loja,29256.14,0.1216,3,POS-CDI,AA,45
1207,Cartao_Credito,4936.5,0.148,4,PRE,C,0
1208,Parcelado_Loja,36022.97,0.1573,37,PRE,E,0
1209,Emprestimo_Pessoal,20295.31,0.2335,40,PRE,E,0
1210,Emprestimo_Pessoal,48847.9,0.1595,35,PRE,E,0
1211,Emprestimo_Pessoal,41247.11,0.1237,31,POS-CDI,A,0
1212,Emprestimo_Pessoal,26362.81,0.2688,44,PRE,AA,0
1213,Parcelado_Loja,6599.52,0.1858,25,POS-CDI,AA,0
1214,Emprestimo_Pessoal,43041.08,0.1837,40,PRE,AA,0
1215,Cartao_Credito,40089.16,0.1744,13,POS-CDI,A,0
1216,Cartao_Credito,9636.96,0.2956,4,PRE,AA,0
1217,Cartao_Credito,15116.28,0.1506,46,PRE,AA,0
1218,Parcelado_Loja,39773.66,0.2817,14,PRE,AA,0
1219,Emprestimo_Pessoal,9668.81,0.2598,13,PRE,AA,0
1220,Emprestimo_Pessoal,45928.75,0.1338,27,POS-CDI,C,5
1221,Emprestimo_Pessoal,21514.11,0.2976,6,POS-CDI,AA,0
1222,Parcelado_Loja,4808.43,0.1688,17,PRE,A,0
1223,Cartao_Credito,40879.56,0.1377,36,PRE,A,0
1224,Cartao_Credito,18988.73,0.2693,40,PRE,AA,0
1225,Emprestimo_Pessoal,26561.71,0.2472,35,POS-CDI,F,0
1226,Cartao_Credito,6059.07,0.2311,17,PRE,A,45
1227,Cartao_Credito,627.91,0.1481,41,PRE,AA,5
1228,Parcelado_Loja,32080.27,0.2061,2,PRE,AA,0
1229,Parcelado_Loja,26001.17,0.2605,13,POS-CDI,AA,0
1230,Parcelado_Loja,29880.16,0.1747,2,PRE,AA,0
1231,Parcelado_Loja,39790.32,0.1761,28,POS-CDI,AA,0
1232,Emprestimo_Pessoal,32506.99,0.1206,43,POS-CDI,A,0
1233,Parcelado_Loja,9151.29,0.1514,26,PRE,D,0
1234,Cartao_Credito,18358.24,0.2776,22,PRE,A,0
1235,Emprestimo_Pessoal,45341.61,0.1995,47,POS-CDI,AA,15
1236,Cartao_Credito,38612.26,0.2972,43,PRE,AA,0
1237,Cartao_Credito,28053.53,0.1912,3,POS-CDI,A,0
1238,Cartao_Credito,13154.43,0.2487,35,PRE,AA,0
1239,Parcelado_Loja,15451.99,0.1707,12,PRE,AA,5
1240,Parcelado_Loja,36731.92,0.1855,24,POS-CDI,C,0
1241,Emprestimo_Pessoal,42633.13,0.1543,5,PRE,AA,0
1242,Emprestimo_Pessoal,33735.52,0.1825,20,PRE,C,0
1243,Parcelado_Loja,40571.73,0.2185,39,POS-CDI,AA,0
1244,Cartao_Credito,38449.48,0.2985,39,PRE,G,0
1245,Emprestimo_Pessoal,7910.35,0.2396,13,PRE,A,0
1246,Parcelado_Loja,21485.27,0.1559,41,PRE,B,0
1247,Parcelado_Loja,8072.7,0.1281,45,POS-CDI,AA,0
1248,Parcelado_Loja,12144.16,0.1427,12,POS-CDI,D,45
1249,Cartao_Credito,43528.35,0.2213,13,PRE,C,0
1250,Parcelado_Loja,23908.15,0.2577,10,POS-CDI,A,0
1251,Parcelado_Loja,27000.23,0.2893,33,POS-CDI,A,0
1252,Parcelado_Loja,9333.08,0.1228,40,PRE,B,0
1253,Parcelado_Loja,15957.45,0.2141,16,PRE,AA,0
1254,Emprestimo_Pessoal,11897.19,0.2048,45,PRE,A,15
1255,Emprestimo_Pessoal,10706.22,0.2381,35,PRE,C,5
1256,Parcelado_Loja,32079.06,0.2207,3,POS-CDI,AA,0
1257,Cartao_Credito,13215.75,0.2437,5,POS-CDI,AA,0
1258,Emprestimo_Pessoal,31784.77,0.2385,26,PRE,A,0
1259,Parcelado_Loja,3393.5,0.1411,11,PRE,B,0
1260,Emprestimo_Pessoal,7517.83,0.2639,7,PRE,AA,0
1261,Emprestimo_Pessoal,14089.74,0.1422,10,PRE,AA,0
1262,Cartao_Credito,30053.82,0.2457,42,PRE,AA,45
1263,Parcelado_Loja,33954.14,0.1949,34,PRE,B,0
1264,Parcelado_Loja,22414.49,0.2125,3,PRE,AA,0
1265,Cartao_Credito,22566.65,0.2826,8,PRE,A,5
1266,Cartao_Credito,36363.58,0.2802,31,POS-CDI,AA,0
1267,Parcelado_Loja,1283.14,0.2672,11,PRE,B,0
1268,Parcelado_Loja,17383.96,0.2118,45,PRE,F,0
1269,Cartao_Credito,41026.0,0.2525,7,PRE,AA,0
1270,Emprestimo_Pessoal,30359.36,0.2123,45,PRE,AA,45
1271,Emprestimo_Pessoal,17192.74,0.2765,2,PRE,C,15
1272,Cartao_Credito,45323.48,0.1925,6,PRE,AA,15
1273,Emprestimo_Pessoal,38744.83,0.2946,41,POS-CDI,AA,5
1274,Cartao_Credito,13612.32,0.2878,32,PRE,C,0
1275,Emprestimo_Pessoal,32441.85,0.2535,20,POS-CDI,G,15
1276,Emprestimo_Pessoal,29989.66,0.1703,34,POS-CDI,A,100
1277,Parcelado_Loja,20358.8,0.1437,16,POS-CDI,AA,0
1278,Parcelado_Loja,18664.33,0.2738,25,PRE,AA,0
1279,Emprestimo_Pessoal,17506.24,0.1498,12,POS-CDI,AA,0
1280,Emprestimo_Pessoal,31049.21,0.2738,7,PRE,B,0
1281,Parcelado_Loja,22399.29,0.2083,39,PRE,B,0
1282,Parcelado_Loja,41677.22,0.1932,17,POS-CDI,D,15
1283,Parcelado_Loja,33645.33,0.2826,45,PRE,AA,15
1284,Cartao_Credito,3961.61,0.2287,11,PRE,A,0
1285,Emprestimo_Pessoal,32188.33,0.2238,6,PRE,AA,0
1286,Parcelado_Loja,13921.8,0.2206,23,PRE,AA,5
1287,Emprestimo_Pessoal,29844.19,0.1868,27,PRE,B,0
1288,Cartao_Credito,34166.53,0.2614,46,PRE,AA,0
1289,Cartao_Credito,11926.04,0.1655,6,POS-CDI,A,0
1290,Parcelado_Loja,23114.5,0.289,38,POS-CDI,A,5
1291,Cartao_Credito,9921.08,0.2809,2,POS-CDI,F,15
1292,Emprestimo_Pessoal,3090.77,0.1807,22,PRE,B,0
1293,Parcelado_Loja,19234.58,0.2513,20,PRE,C,0
1294,Emprestimo_Pessoal,18465.74,0.2232,25,POS-CDI,A,15
1295,Emprestimo_Pessoal,49776.28,0.1808,15,POS-CDI,AA,0
1296,Cartao_Credito,22594.44,0.2979,29,PRE,A,0
1297,Cartao_Credito,17011.69,0.1245,8,PRE,A,0
1298,Cartao_Credito,29233.51,0.1655,37,PRE,A,0
1299,Cartao_Credito,4893.99,0.2136,33,PRE,A,0
1300,Cartao_Credito,48102.45,0.214,22,PRE,AA,0
1301,Parcelado_Loja,31930.52,0.226,47,POS-CDI,AA,15
1302,Emprestimo_Pessoal,37864.47,0.2553,5,PRE,AA,0
1303,Emprestimo_Pessoal,8938.66,0.2322,39,PRE,A,5
1304,Emprestimo_Pessoal,20769.15,0.2281,18,PRE,A,5
1305,Emprestimo_Pessoal,21423.11,0.1296,38,PRE,A,0
1306,Cartao_Credito,41179.42,0.1878,37,PRE,AA,0
1307,Emprestimo_Pessoal,561.22,0.1618,30,PRE,AA,0
1308,Parcelado_Loja,15392.23,0.1678,31,PRE,B,0
1309,Parcelado_Loja,49071.2,0.2198,10,POS-CDI,B,0
1310,Emprestimo_Pessoal,24006.88,0.1559,15,PRE,A,0
1311,Emprestimo_Pessoal,19435.05,0.1729,42,PRE,A,0
1312,Parcelado_Loja,6431.54,0.1627,44,PRE,AA,0
1313,Parcelado_Loja,48721.15,0.2907,18,POS-CDI,B,15
1314,Cartao_Credito,1491.3,0.29,23,PRE,C,0
1315,Parcelado_Loja,36990.42,0.2298,33,POS-CDI,A,0
1316,Cartao_Credito,38545.69,0.2864,16,PRE,A,0
1317,Cartao_Credito,12561.01,0.2614,38,POS-CDI,A,5
1318,Cartao_Credito,33742.14,0.2262,35,POS-CDI,A,0
1319,Cartao_Credito,5099.99,0.1212,34,PRE,A,0
1320,Cartao_Credito,13223.84,0.2591,28,PRE,A,0
1321,Emprestimo_Pessoal,39501.15,0.2464,2,PRE,A,0
1322,Parcelado_Loja,43301.97,0.2307,30,POS-CDI,AA,5
1323,Cartao_Credito,30620.08,0.2569,13,PRE,F,0
1324,Parcelado_Loja,25588.5,0.2123,41,PRE,B,0
1325,Parcelado_Loja,8385.55,0.2467,16,POS-CDI,AA,0
1326,Cartao_Credito,3623.9,0.2883,5,POS-CDI,A,5
1327,Emprestimo_Pessoal,6323.63,0.1876,28,PRE,AA,0
1328,Cartao_Credito,11754.19,0.2475,39,PRE,AA,15
1329,Emprestimo_Pessoal,17412.89,0.2056,45,PRE,AA,0
1330,Parcelado_Loja,19355.02,0.2414,20,PRE,A,0
1331,Emprestimo_Pessoal,17642.93,0.2573,24,PRE,D,0
1332,Emprestimo_Pessoal,12333.24,0.1282,27,PRE,A,0
1333,Emprestimo_Pessoal,25731.35,0.2364,30,PRE,A,0
1334,Parcelado_Loja,41351.66,0.1608,45,POS-CDI,A,5
1335,Parcelado_Loja,14345.33,0.2406,27,PRE,AA,0
1336,Emprestimo_Pessoal,47148.16,0.2043,26,PRE,AA,200
1337,Emprestimo_Pessoal,43730.16,0.2592,7,PRE,B,0
1338,Cartao_Credito,8507.33,0.1422,42,PRE,E,0
1339,Emprestimo_Pessoal,39420.66,0.2327,47,PRE,A,5
1340,Cartao_Credito,28942.08,0.1701,38,PRE,A,0
1341,Emprestimo_Pessoal,28545.48,0.2735,5,POS-CDI,E,0
1342,Cartao_Credito,19856.62,0.2871,23,PRE,AA,5
1343,Parcelado_Loja,25307.07,0.2994,28,PRE,B,0
1344,Emprestimo_Pessoal,20160.35,0.2633,34,POS-CDI,A,0
1345,Emprestimo_Pessoal,27216.76,0.2557,15,PRE,A,5
1346,Emprestimo_Pessoal,31583.53,0.1588,32,POS-CDI,AA,0
1347,Emprestimo_Pessoal,33878.04,0.1805,26,PRE,A,5
1348,Cartao_Credito,26857.82,0.2038,31,POS-CDI,B,0
1349,Emprestimo_Pessoal,36210.39,0.2592,19,PRE,AA,0
1350,Parcelado_Loja,7493.26,0.2847,9,POS-CDI,A,0
1351,Parcelado_Loja,10993.13,0.154,29,POS-CDI,AA,0
1352,Emprestimo_Pessoal,41027.38,0.286,39,PRE,D,0
1353,Parcelado_Loja,16465.13,0.2452,4,PRE,A,5
1354,Emprestimo_Pessoal,1633.24,0.2299,3,POS-CDI,C,0
1355,Emprestimo_Pessoal,8112.66,0.156,29,PRE,AA,0
1356,Parcelado_Loja,11568.91,0.13,11,PRE,AA,0
1357,Emprestimo_Pessoal,47887.48,0.2223,33,PRE,AA,0
1358,Parcelado_Loja,28865.55,0.2373,38,POS-CDI,AA,0
1359,Cartao_Credito,46670.17,0.1579,11,PRE,AA,0
1360,Emprestimo_Pessoal,28970.59,0.2202,27,PRE,A,0
1361,Cartao_Credito,24228.04,0.2742,33,PRE,AA,0
1362,Parcelado_Loja,16029.52,0.2703,21,POS-CDI,A,0
1363,Cartao_Credito,30515.36,0.2869,39,POS-CDI,AA,0
1364,Cartao_Credito,7390.3,0.1859,31,POS-CDI,A,0
1365,Parcelado_Loja,44963.95,0.1772,38,PRE,B,0
1366,Cartao_Credito,41551.95,0.2549,46,POS-CDI,A,0
1367,Cartao_Credito,16217.81,0.1976,2,PRE,G,45
1368,Parcelado_Loja,47663.48,0.1358,27,PRE,AA,5
1369,Cartao_Credito,41347.44,0.1709,36,PRE,A,0
1370,Parcelado_Loja,33482.19,0.1953,11,PRE,A,0
1371,Cartao_Credito,6527.21,0.1727,47,POS-CDI,A,15
1372,Parcelado_Loja,24172.58,0.1798,18,PRE,A,0
1373,Parcelado_Loja,25552.32,0.1729,1,PRE,A,0
1374,Cartao_Credito,12011.29,0.1275,35,POS-CDI,A,0
1375,Cartao_Credito,4458.29,0.2347,35,POS-CDI,A,0
1376,Cartao_Credito,38947.82,0.2275,31,PRE,H,0
1377,Emprestimo_Pessoal,6540.74,0.2376,28,PRE,E,0
1378,Emprestimo_Pessoal,29917.39,0.1546,39,POS-CDI,AA,0
1379,Emprestimo_Pessoal,46854.23,0.1732,1,PRE,AA,0
1380,Parcelado_Loja,43867.21,0.2315,25,PRE,C,5
1381,Cartao_Credito,14248.75,0.2279,43,PRE,H,0
1382,Parcelado_Loja,42646.71,0.2111,38,PRE,AA,0
1383,Emprestimo_Pessoal,516.46,0.1831,20,POS-CDI,AA,0
1384,Cartao_Credito,1375.55,0.2843,3,PRE,F,0
1385,Parcelado_Loja,30326.38,0.1812,2,PRE,B,0
1386,Cartao_Credito,18557.51,0.202,18,PRE,AA,0
1387,Parcelado_Loja,19629.81,0.2421,44,PRE,A,0
1388,Cartao_Credito,28439.83,0.2177,10,PRE,F,0
1389,Emprestimo_Pessoal,9993.23,0.1824,5,PRE,C,0
1390,Emprestimo_Pessoal,10981.89,0.1984,9,PRE,B,0
1391,Cartao_Credito,24487.78,0.263,2,PRE,B,0
1392,Parcelado_Loja,37835.55,0.1701,34,PRE,AA,0
1393,Emprestimo_Pessoal,31165.14,0.1456,38,PRE,C,0
1394,Emprestimo_Pessoal,15219.07,0.1764,31,PRE,AA,0
1395,Emprestimo_Pessoal,21801.69,0.2729,10,PRE,E,0
1396,Cartao_Credito,8947.91,0.136,12,POS-CDI,AA,0
1397,Cartao_Credito,4194.18,0.2985,36,PRE,D,0
1398,Parcelado_Loja,39243.45,0.2174,21,PRE,AA,0
1399,Parcelado_Loja,13636.68,0.2973,47,PRE,A,45
1400,Parcelado_Loja,9299.44,0.289,6,POS-CDI,AA,45
1401,Cartao_Credito,34735.09,0.2015,3,PRE,A,0
1402,Cartao_Credito,31093.56,0.1557,10,POS-CDI,C,0
1403,Parcelado_Loja,31842.89,0.1497,5,PRE,B,0
1404,Parcelado_Loja,11830.28,0.1632,46,POS-CDI,A,0
1405,Cartao_Credito,12015.95,0.2478,26,POS-CDI,AA,0
1406,Parcelado_Loja,11429.73,0.1691,21,PRE,E,0
1407,Emprestimo_Pessoal,9100.75,0.1815,45,PRE,B,0
1408,Cartao_Credito,32958.32,0.2008,26,PRE,B,0
1409,Parcelado_Loja,42476.79,0.2844,38,PRE,B,0
1410,Cartao_Credito,36353.71,0.1541,44,PRE,B,0
1411,Emprestimo_Pessoal,39708.63,0.1209,26,PRE,A,0
1412,Cartao_Credito,20537.52,0.1308,8,PRE,B,0
1413,Cartao_Credito,32876.75,0.2829,5,PRE,A,0
1414,Cartao_Credito,18034.69,0.2366,15,PRE,D,0
1415,Cartao_Credito,26512.48,0.1691,16,PRE,C,0
1416,Emprestimo_Pessoal,24340.92,0.1519,1,PRE,AA,0
1417,Cartao_Credito,9255.91,0.173,16,POS-CDI,AA,0
1418,Cartao_Credito,19660.4,0.1407,37,PRE,AA,0
1419,Parcelado_Loja,48209.2,0.2895,3,POS-CDI,AA,0
1420,Cartao_Credito,12804.72,0.2612,47,PRE,A,0
1421,Parcelado_Loja,7123.28,0.2032,31,PRE,D,0
1422,Emprestimo_Pessoal,21219.74,0.2757,13,PRE,AA,0
1423,Emprestimo_Pessoal,39621.72,0.1649,16,PRE,A,45
1424,Emprestimo_Pessoal,29316.34,0.2491,43,POS-CDI,E,0
1425,Emprestimo_Pessoal,34208.25,0.2741,21,PRE,C,0
1426,Parcelado_Loja,9889.89,0.1842,2,PRE,A,0
1427,Cartao_Credito,31137.94,0.2563,27,POS-CDI,B,200
1428,Emprestimo_Pessoal,16513.27,0.1731,38,PRE,A,0
1429,Cartao_Credito,41798.02,0.1738,26,POS-CDI,AA,0
1430,Parcelado_Loja,31650.29,0.1393,38,POS-CDI,AA,0
1431,Parcelado_Loja,10343.39,0.1992,46,PRE,AA,45
1432,Parcelado_Loja,3698.53,0.2513,25,PRE,AA,0
1433,Emprestimo_Pessoal,2610.34,0.2892,11,PRE,E,0
1434,Cartao_Credito,18884.72,0.2287,8,PRE,B,0
1435,Cartao_Credito,13659.63,0.2754,8,PRE,A,0
1436,Cartao_Credito,32481.46,0.268,33,POS-CDI,A,5
1437,Parcelado_Loja,25217.02,0.1512,7,POS-CDI,AA,0
1438,Emprestimo_Pessoal,13667.95,0.2074,38,PRE,B,0
1439,Parcelado_Loja,7887.27,0.141,21,PRE,C,5
1440,Parcelado_Loja,6796.39,0.2428,8,PRE,AA,45
1441,Cartao_Credito,43300.69,0.291,21,PRE,AA,0
1442,Parcelado_Loja,12552.16,0.1447,20,POS-CDI,A,0
1443,Cartao_Credito,32759.68,0.2521,8,PRE,A,5
1444,Emprestimo_Pessoal,40628.95,0.2338,46,PRE,A,0
1445,Cartao_Credito,30897.02,0.225,31,PRE,A,15
1446,Emprestimo_Pessoal,43048.48,0.1902,29,POS-CDI,A,15
1447,Cartao_Credito,19923.49,0.1839,9,PRE,AA,0
1448,Parcelado_Loja,47833.0,0.1281,15,POS-CDI,AA,45
1449,Parcelado_Loja,7090.68,0.1592,30,PRE,A,0
1450,Emprestimo_Pessoal,5556.4,0.1227,26,POS-CDI,D,0
1451,Emprestimo_Pessoal,33105.26,0.2247,10,PRE,F,0
1452,Emprestimo_Pessoal,47170.14,0.1391,29,PRE,D,5
1453,Cartao_Credito,40539.73,0.2771,16,POS-CDI,B,0
1454,Cartao_Credito,4282.63,0.2142,36,PRE,A,0
1455,Emprestimo_Pessoal,14328.7,0.2459,20,PRE,A,15
1456,Parcelado_Loja,46550.78,0.194,45,PRE,E,0
1457,Cartao_Credito,13026.39,0.2209,37,POS-CDI,AA,0
1458,Cartao_Credito,39167.94,0.2897,22,POS-CDI,A,5
1459,Cartao_Credito,41344.04,0.1349,7,PRE,A,0
1460,Emprestimo_Pessoal,25024.88,0.1657,23,PRE,A,15
1461,Emprestimo_Pessoal,19624.27,0.2604,41,POS-CDI,AA,15
1462,Emprestimo_Pessoal,22781.16,0.1378,40,PRE,A,0
1463,Emprestimo_Pessoal,11734.75,0.1336,29,POS-CDI,B,0
1464,Emprestimo_Pessoal,44524.85,0.1851,16,PRE,A,0
1465,Parcelado_Loja,22805.67,0.1366,38,POS-CDI,B,0
1466,Parcelado_Loja,44181.74,0.2253,28,POS-CDI,AA,0
1467,Emprestimo_Pessoal,5731.83,0.1607,38,POS-CDI,E,0
1468,Cartao_Credito,49419.63,0.2812,31,PRE,A,0
1469,Emprestimo_Pessoal,22442.02,0.261,14,PRE,A,0
1470,Parcelado_Loja,2867.63,0.2459,33,PRE,AA,0
1471,Parcelado_Loja,2382.08,0.231,9,PRE,AA,0
1472,Cartao_Credito,37437.26,0.2754,27,PRE,A,0
1473,Parcelado_Loja,33122.26,0.1602,24,PRE,A,0
1474,Emprestimo_Pessoal,40205.46,0.2772,13,POS-CDI,A,0
1475,Cartao_Credito,5715.69,0.2621,26,PRE,AA,0
1476,Emprestimo_Pessoal,2260.76,0.2547,29,PRE,C,0
1477,Emprestimo_Pessoal,25674.67,0.221,43,PRE,B,5
1478,Cartao_Credito,19685.96,0.1643,28,PRE,AA,0
1479,Emprestimo_Pessoal,23366.37,0.1962,28,PRE,A,0
1480,Parcelado_Loja,49583.63,0.2628,8,PRE,C,0
1481,Emprestimo_Pessoal,48552.12,0.1257,23,POS-CDI,A,0
1482,Cartao_Credito,47144.61,0.2608,29,PRE,AA,0
1483,Cartao_Credito,39300.21,0.1632,5,PRE,A,0
1484,Cartao_Credito,18064.65,0.146,42,PRE,AA,0
1485,Emprestimo_Pessoal,20900.48,0.1408,7,POS-CDI,AA,0
1486,Cartao_Credito,27705.99,0.1249,42,PRE,AA,45
1487,Cartao_Credito,41611.46,0.2142,36,POS-CDI,A,0
1488,Emprestimo_Pessoal,3901.29,0.1593,41,PRE,AA,0
1489,Parcelado_Loja,21502.7,0.2981,27,POS-CDI,E,15
1490,Emprestimo_Pessoal,4589.57,0.2234,46,PRE,AA,0
1491,Cartao_Credito,25975.55,0.1448,2,PRE,AA,0
1492,Cartao_Credito,44995.59,0.244,25,PRE,A,0
1493,Emprestimo_Pessoal,39233.0,0.2816,9,PRE,AA,0
1494,Parcelado_Loja,11778.2,0.2541,27,PRE,A,0
1495,Cartao_Credito,48811.55,0.1338,1,POS-CDI,AA,0
1496,Cartao_Credito,33533.84,0.2813,23,PRE,AA,0
1497,Cartao_Credito,1016.17,0.2629,10,POS-CDI,AA,0
1498,Emprestimo_Pessoal,13142.97,0.1485,42,POS-CDI,A,0
1499,Cartao_Credito,13405.31,0.1293,25,PRE,AA,0
1500,Parcelado_Loja,3928.09,0.2203,3,POS-CDI,B,0
1501,Cartao_Credito,48011.41,0.1481,6,PRE,A,0
1502,Cartao_Credito,24173.64,0.2702,6,PRE,A,0
1503,Parcelado_Loja,44842.82,0.1845,2,POS-CDI,A,0
1504,Cartao_Credito,16449.67,0.2843,18,PRE,A,0
1505,Emprestimo_Pessoal,6699.06,0.2218,23,PRE,E,0
1506,Emprestimo_Pessoal,23979.64,0.1529,2,PRE,AA,0
1507,Emprestimo_Pessoal,6140.85,0.1451,12,PRE,AA,0
1508,Parcelado_Loja,24557.77,0.2238,22,POS-CDI,AA,0
1509,Cartao_Credito,46054.71,0.2571,37,PRE,AA,0
1510,Emprestimo_Pessoal,26278.02,0.2607,20,PRE,AA,0
1511,Parcelado_Loja,31016.74,0.1696,39,PRE,A,0
1512,Cartao_Credito,8253.6,0.1568,24,PRE,A,0
1513,Parcelado_Loja,2664.91,0.123,20,PRE,H,0
1514,Emprestimo_Pessoal,5984.99,0.2423,1,PRE,AA,0
1515,Emprestimo_Pessoal,30127.31,0.1338,1,PRE,AA,15
1516,Emprestimo_Pessoal,5203.08,0.1957,17,PRE,G,0
1517,Parcelado_Loja,19111.65,0.2283,1,POS-CDI,C,0
1518,Parcelado_Loja,27729.55,0.2887,45,PRE,A,5
1519,Emprestimo_Pessoal,19738.31,0.1761,30,POS-CDI,A,0
1520,Parcelado_Loja,8602.35,0.165,41,POS-CDI,C,0
1521,Emprestimo_Pessoal,14052.67,0.2377,47,POS-CDI,A,0
1522,Emprestimo_Pessoal,46451.72,0.2315,3,POS-CDI,AA,0
1523,Cartao_Credito,33961.12,0.1798,46,PRE,C,0
1524,Parcelado_Loja,25054.37,0.2871,11,PRE,A,0
1525,Emprestimo_Pessoal,1129.39,0.2721,24,PRE,AA,0
1526,Emprestimo_Pessoal,49624.56,0.1603,22,PRE,A,0
1527,Parcelado_Loja,33737.02,0.163,44,POS-CDI,A,0
1528,Cartao_Credito,16187.66,0.2122,45,PRE,D,0
1529,Cartao_Credito,44023.8,0.2592,26,POS-CDI,AA,5
1530,Emprestimo_Pessoal,13292.37,0.1279,13,PRE,D,0
1531,Parcelado_Loja,27428.82,0.2448,1,POS-CDI,A,100
1532,Cartao_Credito,31985.5,0.2367,24,PRE,A,0
1533,Parcelado_Loja,11442.64,0.1617,10,PRE,AA,0
1534,Parcelado_Loja,48930.67,0.2426,35,PRE,B,0
1535,Emprestimo_Pessoal,37535.5,0.2892,24,POS-CDI,E,0
1536,Cartao_Credito,28111.75,0.1284,28,PRE,AA,15
1537,Emprestimo_Pessoal,9439.43,0.1775,36,POS-CDI,AA,200
1538,Cartao_Credito,3165.98,0.1989,16,POS-CDI,A,0
1539,Cartao_Credito,16342.96,0.2819,40,POS-CDI,B,0
1540,Cartao_Credito,37782.77,0.2932,16,PRE,AA,0
1541,Cartao_Credito,13831.9,0.1999,17,POS-CDI,A,5
1542,Cartao_Credito,27208.03,0.255,15,POS-CDI,A,0
1543,Parcelado_Loja,36533.39,0.2157,16,PRE,AA,0
1544,Emprestimo_Pessoal,5843.21,0.2168,15,PRE,A,0
1545,Parcelado_Loja,34422.25,0.1701,34,PRE,AA,0
1546,Cartao_Credito,5047.61,0.1591,11,PRE,B,15
1547,Emprestimo_Pessoal,48273.92,0.1718,1,PRE,A,0
1548,Cartao_Credito,24675.51,0.2201,15,POS-CDI,A,0
1549,Emprestimo_Pessoal,7958.47,0.1252,26,PRE,AA,0
1550,Parcelado_Loja,17447.99,0.2833,4,PRE,AA,0
1551,Emprestimo_Pessoal,20964.11,0.1481,43,POS-CDI,C,0
1552,Emprestimo_Pessoal,38030.16,0.1596,5,PRE,A,0
1553,Emprestimo_Pessoal,37299.48,0.2133,35,POS-CDI,A,0
1554,Emprestimo_Pessoal,30791.06,0.2478,13,PRE,A,5
1555,Emprestimo_Pessoal,5743.57,0.1372,10,PRE,A,0
1556,Cartao_Credito,8002.68,0.1772,11,PRE,AA,0
1557,Emprestimo_Pessoal,5140.97,0.2944,18,PRE,AA,0
1558,Emprestimo_Pessoal,29070.05,0.1672,34,PRE,AA,0
1559,Parcelado_Loja,43918.35,0.1763,39,POS-CDI,B,0
1560,Emprestimo_Pessoal,21973.13,0.2706,41,PRE,AA,5
1561,Parcelado_Loja,8461.98,0.129,42,POS-CDI,AA,0
1562,Cartao_Credito,28123.1,0.2036,23,PRE,B,0
1563,Emprestimo_Pessoal,40681.73,0.1883,7,PRE,AA,0
1564,Parcelado_Loja,37214.75,0.177,39,PRE,A,0
1565,Parcelado_Loja,44131.81,0.1714,3,PRE,AA,0
1566,Cartao_Credito,14256.15,0.1364,12,POS-CDI,AA,0
1567,Emprestimo_Pessoal,10100.72,0.1767,7,POS-CDI,A,0
1568,Emprestimo_Pessoal,44050.92,0.1277,26,POS-CDI,AA,0
1569,Parcelado_Loja,33049.24,0.2606,33,PRE,C,0
1570,Emprestimo_Pessoal,15890.98,0.1917,37,PRE,A,0
1571,Parcelado_Loja,37246.23,0.1999,15,PRE,AA,0
1572,Emprestimo_Pessoal,40848.36,0.2808,2,POS-CDI,AA,0
1573,Parcelado_Loja,30941.42,0.2384,41,PRE,A,0
1574,Emprestimo_Pessoal,34550.26,0.1215,7,PRE,AA,45
1575,Cartao_Credito,19075.37,0.2898,32,PRE,AA,0
1576,Emprestimo_Pessoal,27165.44,0.1627,4,PRE,A,0
1577,Emprestimo_Pessoal,26445.88,0.1394,20,PRE,C,0
1578,Cartao_Credito,42478.37,0.2583,36,PRE,A,45
1579,Emprestimo_Pessoal,42078.22,0.2101,32,POS-CDI,B,100
1580,Cartao_Credito,41717.68,0.1981,28,POS-CDI,D,0
1581,Emprestimo_Pessoal,1046.06,0.1649,13,PRE,AA,0
1582,Parcelado_Loja,37602.5,0.2185,1,PRE,C,15
1583,Parcelado_Loja,38054.48,0.1694,35,PRE,B,0
1584,Emprestimo_Pessoal,34079.75,0.2823,30,POS-CDI,AA,0
1585,Emprestimo_Pessoal,37935.1,0.1587,36,POS-CDI,G,5
1586,Emprestimo_Pessoal,42177.53,0.2792,25,POS-CDI,AA,0
1587,Parcelado_Loja,23780.79,0.2207,16,POS-CDI,AA,0
1588,Emprestimo_Pessoal,25351.49,0.2691,19,PRE,B,5
1589,Parcelado_Loja,6673.35,0.2483,1,POS-CDI,A,0
1590,Cartao_Credito,19576.11,0.2454,5,PRE,AA,0
1591,Parcelado_Loja,32346.58,0.1784,22,PRE,AA,0
1592,Parcelado_Loja,39129.79,0.1621,24,POS-CDI,B,0
1593,Cartao_Credito,11251.85,0.158,43,PRE,B,0
1594,Parcelado_Loja,7322.23,0.2743,45,PRE,A,0
1595,Emprestimo_Pessoal,33320.58,0.2677,37,PRE,F,0
1596,Emprestimo_Pessoal,593.05,0.1993,36,PRE,AA,5
1597,Parcelado_Loja,9329.44,0.1438,36,POS-CDI,AA,0
1598,Emprestimo_Pessoal,1939.03,0.1888,4,PRE,A,0
1599,Parcelado_Loja,8760.81,0.2315,36,PRE,B,0
1600,Emprestimo_Pessoal,9475.3,0.2018,18,PRE,AA,0
1601,Emprestimo_Pessoal,19689.84,0.2604,16,PRE,AA,0
1602,Parcelado_Loja,20415.19,0.2996,41,PRE,C,5
1603,Emprestimo_Pessoal,43775.99,0.1544,18,PRE,G,0
1604,Parcelado_Loja,25750.43,0.2027,22,PRE,A,0
1605,Emprestimo_Pessoal,36308.54,0.1976,2,POS-CDI,AA,0
1606,Emprestimo_Pessoal,5654.8,0.1748,21,POS-CDI,H,0
1607,Cartao_Credito,11659.22,0.1557,36,PRE,D,0
1608,Cartao_Credito,35295.7,0.1318,44,PRE,A,0
1609,Parcelado_Loja,3113.8,0.2797,39,PRE,C,0
1610,Cartao_Credito,24586.58,0.1956,47,POS-CDI,C,5
1611,Parcelado_Loja,30168.76,0.2094,39,PRE,E,0
1612,Cartao_Credito,30306.21,0.285,29,POS-CDI,C,0
1613,Emprestimo_Pessoal,1635.17,0.2597,26,POS-CDI,A,0
1614,Parcelado_Loja,16444.35,0.1435,21,POS-CDI,A,0
1615,Parcelado_Loja,32006.29,0.2218,17,POS-CDI,A,0
1616,Emprestimo_Pessoal,7875.49,0.1996,16,PRE,A,0
1617,Parcelado_Loja,34923.07,0.2635,31,PRE,B,0
1618,Parcelado_Loja,37423.3,0.2504,9,POS-CDI,F,15
1619,Cartao_Credito,49107.47,0.2443,31,PRE,A,0
1620,Parcelado_Loja,10887.18,0.1813,14,PRE,A,0
1621,Emprestimo_Pessoal,41343.97,0.2649,37,PRE,A,5
1622,Cartao_Credito,26254.68,0.1294,2,PRE,A,0
1623,Cartao_Credito,18986.4,0.1487,46,POS-CDI,A,0
1624,Emprestimo_Pessoal,6557.65,0.1804,14,PRE,AA,5
1625,Emprestimo_Pessoal,36907.53,0.1338,33,PRE,A,0
1626,Cartao_Credito,12174.95,0.1623,35,POS-CDI,AA,0
1627,Parcelado_Loja,18885.39,0.2694,39,POS-CDI,AA,0
1628,Cartao_Credito,3595.84,0.2907,47,PRE,B,0
1629,Emprestimo_Pessoal,40167.66,0.1748,20,PRE,AA,0
1630,Cartao_Credito,38446.13,0.1676,2,PRE,AA,0
1631,Emprestimo_Pessoal,36813.98,0.1704,41,PRE,AA,0
1632,Cartao_Credito,15322.45,0.17,19,PRE,AA,0
1633,Parcelado_Loja,9087.26,0.1265,37,PRE,B,0
1634,Cartao_Credito,32058.89,0.2868,18,POS-CDI,A,15
1635,Cartao_Credito,25060.24,0.1585,16,PRE,D,100
1636,Emprestimo_Pessoal,9323.5,0.1956,4,PRE,AA,0
1637,Emprestimo_Pessoal,34452.61,0.1217,12,PRE,AA,5
1638,Emprestimo_Pessoal,49560.76,0.2744,29,PRE,AA,0
1639,Cartao_Credito,37487.37,0.2516,7,POS-CDI,B,0
1640,Parcelado_Loja,37129.33,0.2904,14,PRE,A,0
1641,Emprestimo_Pessoal,47540.48,0.2607,12,PRE,E,0
1642,Emprestimo_Pessoal,10545.35,0.1765,35,PRE,A,5
1643,Cartao_Credito,28494.72,0.1646,5,POS-CDI,A,0
1644,Emprestimo_Pessoal,48992.51,0.2456,17,PRE,B,0
1645,Parcelado_Loja,8682.06,0.1855,42,PRE,F,0
1646,Parcelado_Loja,35162.47,0.2219,32,PRE,AA,0
1647,Emprestimo_Pessoal,29497.6,0.1211,10,POS-CDI,AA,0
1648,Emprestimo_Pessoal,29530.72,0.1311,43,PRE,A,5
1649,Cartao_Credito,35034.7,0.2164,17,PRE,A,0
1650,Parcelado_Loja,46516.04,0.2219,5,PRE,G,0
1651,Parcelado_Loja,39237.81,0.2553,45,PRE,A,0
1652,Emprestimo_Pessoal,3278.74,0.1438,42,POS-CDI,AA,0
1653,Cartao_Credito,42710.04,0.2124,9,POS-CDI,G,0
1654,Parcelado_Loja,11664.3,0.155,33,PRE,C,0
1655,Parcelado_Loja,19157.25,0.1368,36,PRE,AA,0
1656,Cartao_Credito,23355.77,0.1939,36,PRE,E,0
1657,Cartao_Credito,24304.85,0.1494,18,PRE,AA,5
1658,Parcelado_Loja,22041.43,0.1599,9,PRE,AA,0
1659,Parcelado_Loja,46898.99,0.1772,29,PRE,E,0
1660,Cartao_Credito,35447.94,0.1667,14,PRE,A,15
1661,Parcelado_Loja,31742.95,0.1358,25,PRE,AA,0
1662,Emprestimo_Pessoal,2967.18,0.1362,15,POS-CDI,AA,0
1663,Emprestimo_Pessoal,45243.71,0.1548,6,POS-CDI,B,0
1664,Cartao_Credito,45514.81,0.1291,42,POS-CDI,AA,0
1665,Cartao_Credito,39120.55,0.2328,29,PRE,A,0
1666,Cartao_Credito,847.95,0.1717,15,POS-CDI,A,0
1667,Emprestimo_Pessoal,3335.37,0.1704,29,PRE,AA,15
1668,Parcelado_Loja,11648.57,0.1798,4,PRE,A,5
1669,Emprestimo_Pessoal,7001.8,0.2393,18,POS-CDI,D,0
1670,Parcelado_Loja,20242.38,0.2767,44,PRE,A,0
1671,Emprestimo_Pessoal,46169.84,0.2566,39,PRE,AA,5
1672,Parcelado_Loja,23866.99,0.251,16,PRE,AA,0
1673,Emprestimo_Pessoal,1163.43,0.2072,11,PRE,A,0
1674,Cartao_Credito,14495.91,0.2449,14,PRE,D,0
1675,Emprestimo_Pessoal,2707.45,0.2195,3,PRE,AA,5
1676,Parcelado_Loja,2296.24,0.1589,42,POS-CDI,AA,0
1677,Emprestimo_Pessoal,14148.13,0.1575,38,PRE,A,0
1678,Emprestimo_Pessoal,14142.81,0.1734,45,PRE,A,0
1679,Emprestimo_Pessoal,39462.77,0.2839,42,PRE,AA,45
1680,Cartao_Credito,48754.32,0.2185,18,PRE,C,0
1681,Emprestimo_Pessoal,18874.75,0.2521,20,POS-CDI,AA,0
1682,Cartao_Credito,21729.9,0.1824,25,PRE,B,0
1683,Cartao_Credito,42317.08,0.1934,38,PRE,A,0
1684,Emprestimo_Pessoal,13772.88,0.1426,13,PRE,A,0
1685,Emprestimo_Pessoal,8240.9,0.1508,4,POS-CDI,AA,45
1686,Emprestimo_Pessoal,42727.94,0.2689,14,POS-CDI,B,0
1687,Parcelado_Loja,2801.78,0.2253,33,PRE,AA,0
1688,Emprestimo_Pessoal,31175.12,0.1808,28,PRE,AA,0
1689,Cartao_Credito,28318.65,0.2645,37,PRE,A,0
1690,Emprestimo_Pessoal,17623.06,0.1644,8,PRE,B,0
1691,Parcelado_Loja,16101.88,0.2957,44,PRE,AA,0
1692,Emprestimo_Pessoal,38706.96,0.1821,34,POS-CDI,AA,15
1693,Parcelado_Loja,4778.02,0.1807,44,PRE,C,0
1694,Parcelado_Loja,12220.82,0.1761,5,POS-CDI,C,0
1695,Emprestimo_Pessoal,36756.21,0.142,5,PRE,AA,0
1696,Cartao_Credito,27641.87,0.14,31,PRE,A,0
1697,Parcelado_Loja,6835.42,0.2367,45,PRE,A,0
1698,Emprestimo_Pessoal,44165.71,0.2775,9,PRE,A,0
1699,Emprestimo_Pessoal,19975.67,0.2623,42,PRE,D,0
1700,Cartao_Credito,41479.48,0.1454,32,PRE,AA,0
1701,Parcelado_Loja,39491.79,0.2182,33,PRE,B,0
1702,Parcelado_Loja,31409.06,0.139,3,PRE,A,0
1703,Emprestimo_Pessoal,24976.82,0.1282,30,PRE,A,0
1704,Emprestimo_Pessoal,48987.77,0.2381,12,PRE,A,5
1705,Cartao_Credito,7675.77,0.2163,29,PRE,E,0
1706,Cartao_Credito,36395.21,0.1348,3,PRE,AA,5
1707,Parcelado_Loja,9963.94,0.1263,26,PRE,AA,0
1708,Parcelado_Loja,17244.02,0.2982,30,PRE,AA,0
1709,Emprestimo_Pessoal,15780.59,0.1254,9,POS-CDI,G,0
1710,Parcelado_Loja,47378.28,0.2,26,POS-CDI,B,0
1711,Cartao_Credito,48384.13,0.2108,2,PRE,A,0
1712,Cartao_Credito,9559.26,0.1411,3,PRE,AA,0
1713,Emprestimo_Pessoal,1590.74,0.1504,46,PRE,D,0
1714,Cartao_Credito,36140.4,0.1833,4,POS-CDI,C,0
1715,Cartao_Credito,21190.5,0.2571,25,PRE,A,0
1716,Cartao_Credito,4897.59,0.2113,13,PRE,AA,100
1717,Cartao_Credito,34345.83,0.2348,39,POS-CDI,AA,0
1718,Emprestimo_Pessoal,27482.72,0.2973,44,PRE,A,0
1719,Emprestimo_Pessoal,49035.58,0.2582,35,PRE,B,0
1720,Parcelado_Loja,11756.77,0.1982,23,PRE,AA,200
1721,Cartao_Credito,20496.9,0.2004,9,PRE,A,0
1722,Parcelado_Loja,27356.02,0.2314,2,POS-CDI,AA,0
1723,Emprestimo_Pessoal,39689.15,0.2398,41,POS-CDI,B,0
1724,Emprestimo_Pessoal,27667.51,0.2101,44,PRE,A,0
1725,Emprestimo_Pessoal,30838.56,0.2361,31,PRE,AA,0
1726,Emprestimo_Pessoal,11694.28,0.1242,44,PRE,A,0
1727,Emprestimo_Pessoal,42422.48,0.1973,47,PRE,AA,5
1728,Emprestimo_Pessoal,21717.21,0.1702,2,PRE,AA,45
1729,Emprestimo_Pessoal,7477.5,0.1433,32,PRE,C,0
1730,Cartao_Credito,33377.3,0.1379,18,PRE,AA,5
1731,Parcelado_Loja,11196.48,0.2286,13,PRE,AA,0
1732,Emprestimo_Pessoal,5329.34,0.2142,46,PRE,AA,5
1733,Cartao_Credito,43168.35,0.1656,5,PRE,AA,0
1734,Cartao_Credito,23278.03,0.2048,42,PRE,AA,0
1735,Parcelado_Loja,37589.54,0.2086,44,PRE,AA,5
1736,Emprestimo_Pessoal,14884.08,0.1551,10,PRE,A,5
1737,Parcelado_Loja,39455.02,0.2374,43,PRE,AA,0
1738,Emprestimo_Pessoal,6040.83,0.2606,25,PRE,B,0
1739,Cartao_Credito,18120.68,0.2625,34,PRE,AA,0
1740,Cartao_Credito,48914.06,0.2284,37,PRE,AA,5
1741,Cartao_Credito,39802.49,0.2121,30,PRE,AA,0
1742,Cartao_Credito,25114.17,0.131,7,PRE,D,0
1743,Parcelado_Loja,17318.98,0.1718,6,POS-CDI,A,0
1744,Emprestimo_Pessoal,43670.72,0.1368,3,PRE,B,0
1745,Emprestimo_Pessoal,27469.96,0.2935,13,PRE,AA,0
1746,Parcelado_Loja,38042.04,0.1443,3,PRE,C,0
1747,Emprestimo_Pessoal,37828.33,0.1473,26,PRE,AA,0
1748,Cartao_Credito,1388.31,0.2801,24,PRE,AA,0
1749,Emprestimo_Pessoal,6749.56,0.2899,6,PRE,A,0
1750,Cartao_Credito,33151.65,0.2578,43,PRE,AA,0
1751,Parcelado_Loja,8500.18,0.121,42,PRE,G,0
1752,Emprestimo_Pessoal,13146.92,0.1202,12,PRE,AA,0
1753,Parcelado_Loja,47358.58,0.1881,36,PRE,H,0
1754,Emprestimo_Pessoal,28229.02,0.1458,2,POS-CDI,A,0
1755,Cartao_Credito,37661.11,0.1233,11,PRE,A,0
1756,Parcelado_Loja,28120.05,0.2035,39,POS-CDI,AA,0
1757,Emprestimo_Pessoal,27849.42,0.2898,34,POS-CDI,AA,0
1758,Cartao_Credito,5160.52,0.1783,26,PRE,E,0
1759,Parcelado_Loja,17511.33,0.239,18,PRE,AA,5
1760,Parcelado_Loja,14480.33,0.2374,21,PRE,A,0
1761,Emprestimo_Pessoal,19841.05,0.1652,36,POS-CDI,H,45
1762,Emprestimo_Pessoal,40018.04,0.2371,40,POS-CDI,AA,0
1763,Emprestimo_Pessoal,18910.67,0.1582,46,PRE,A,5
1764,Cartao_Credito,22858.99,0.142,44,POS-CDI,A,0
1765,Emprestimo_Pessoal,20170.38,0.2462,22,PRE,AA,0
1766,Parcelado_Loja,5123.69,0.1404,30,PRE,AA,15
1767,Parcelado_Loja,22333.07,0.2994,43,POS-CDI,A,0
1768,Emprestimo_Pessoal,10182.66,0.153,30,POS-CDI,AA,0
1769,Emprestimo_Pessoal,9742.8,0.2269,8,PRE,B,0
1770,Parcelado_Loja,5154.79,0.194,34,POS-CDI,AA,45
1771,Cartao_Credito,18155.21,0.1427,47,POS-CDI,G,0
1772,Emprestimo_Pessoal,37995.35,0.125,9,POS-CDI,AA,0
1773,Emprestimo_Pessoal,14183.86,0.2321,20,POS-CDI,A,0
1774,Parcelado_Loja,15961.28,0.2652,40,POS-CDI,A,0
1775,Emprestimo_Pessoal,32312.4,0.2716,25,PRE,AA,0
1776,Cartao_Credito,10194.12,0.2069,19,POS-CDI,AA,0
1777,Parcelado_Loja,44899.42,0.2599,5,PRE,B,5
1778,Emprestimo_Pessoal,26249.43,0.2411,11,POS-CDI,D,0
1779,Parcelado_Loja,22656.35,0.2504,15,PRE,AA,0
1780,Emprestimo_Pessoal,28112.1,0.2087,8,PRE,A,0
1781,Emprestimo_Pessoal,8718.7,0.234,19,PRE,AA,0
1782,Emprestimo_Pessoal,30866.92,0.265,23,PRE,AA,0
1783,Cartao_Credito,18473.49,0.1916,27,PRE,A,0
1784,Cartao_Credito,44910.72,0.2651,40,POS-CDI,C,0
1785,Parcelado_Loja,8858.28,0.2266,32,POS-CDI,AA,0
1786,Emprestimo_Pessoal,25599.03,0.1499,26,PRE,H,0
1787,Emprestimo_Pessoal,30106.58,0.1244,27,POS-CDI,AA,0
1788,Cartao_Credito,2152.49,0.1853,19,POS-CDI,A,0
1789,Emprestimo_Pessoal,18502.81,0.2184,42,PRE,A,0
1790,Cartao_Credito,36765.44,0.2712,29,PRE,A,0
1791,Emprestimo_Pessoal,41108.69,0.1429,39,POS-CDI,A,0
1792,Parcelado_Loja,16001.52,0.264,41,PRE,AA,15
1793,Emprestimo_Pessoal,40030.37,0.2753,33,POS-CDI,B,0
1794,Emprestimo_Pessoal,48403.92,0.1471,19,POS-CDI,B,0
1795,Cartao_Credito,42915.26,0.2733,37,POS-CDI,AA,0
1796,Emprestimo_Pessoal,6323.38,0.2985,19,PRE,C,5
1797,Emprestimo_Pessoal,37116.65,0.2508,33,PRE,AA,0
1798,Cartao_Credito,16323.51,0.2613,47,PRE,B,5
1799,Parcelado_Loja,49426.59,0.299,16,PRE,AA,0
1800,Parcelado_Loja,24525.27,0.229,23,PRE,AA,5
1801,Cartao_Credito,6560.48,0.1754,7,PRE,AA,0
1802,Cartao_Credito,36396.68,0.2708,26,PRE,A,0
1803,Cartao_Credito,16489.05,0.2306,32,POS-CDI,A,0
1804,Cartao_Credito,49855.37,0.2246,12,PRE,AA,100
1805,Cartao_Credito,48999.23,0.1657,8,PRE,AA,0
1806,Parcelado_Loja,32978.63,0.2561,5,PRE,AA,0
1807,Parcelado_Loja,6926.41,0.1347,42,PRE,A,0
1808,Cartao_Credito,34499.62,0.2864,28,PRE,A,0
1809,Emprestimo_Pessoal,5105.01,0.1786,5,POS-CDI,AA,0
1810,Cartao_Credito,1953.53,0.143,26,PRE,AA,0
1811,Emprestimo_Pessoal,41236.44,0.1996,5,POS-CDI,B,0
1812,Cartao_Credito,10882.77,0.1276,22,PRE,AA,5
1813,Cartao_Credito,19261.84,0.2432,15,POS-CDI,AA,0
1814,Parcelado_Loja,48686.14,0.2825,13,POS-CDI,AA,0
1815,Emprestimo_Pessoal,17173.6,0.2707,28,POS-CDI,A,0
1816,Emprestimo_Pessoal,15176.24,0.1429,33,POS-CDI,A,15
1817,Parcelado_Loja,45951.3,0.1427,43,POS-CDI,A,0
1818,Parcelado_Loja,5982.05,0.2664,23,POS-CDI,AA,0
1819,Parcelado_Loja,38099.33,0.2864,33,PRE,B,45
1820,Parcelado_Loja,49409.25,0.2029,43,PRE,AA,0
1821,Emprestimo_Pessoal,45114.15,0.2098,18,PRE,C,0
1822,Emprestimo_Pessoal,32757.56,0.1773,30,PRE,A,0
1823,Cartao_Credito,16046.01,0.281,26,PRE,A,45
1824,Cartao_Credito,13088.94,0.2361,16,PRE,AA,0
1825,Parcelado_Loja,41053.13,0.1719,13,POS-CDI,AA,0
1826,Parcelado_Loja,44051.18,0.1738,39,POS-CDI,A,0
1827,Parcelado_Loja,26509.03,0.2804,33,PRE,A,0
1828,Cartao_Credito,12594.83,0.1225,26,PRE,AA,200
1829,Cartao_Credito,6090.69,0.1781,1,POS-CDI,F,0
1830,Cartao_Credito,4815.38,0.2198,38,PRE,G,0
1831,Cartao_Credito,36094.33,0.1467,2,POS-CDI,A,5
1832,Cartao_Credito,21295.88,0.1366,6,PRE,F,0
1833,Cartao_Credito,45315.31,0.2667,46,PRE,AA,0
1834,Cartao_Credito,37113.73,0.281,38,PRE,AA,15
1835,Parcelado_Loja,9967.39,0.2682,42,POS-CDI,AA,0
1836,Parcelado_Loja,30881.98,0.2818,24,PRE,A,0
1837,Parcelado_Loja,22057.52,0.2196,18,PRE,AA,0
1838,Parcelado_Loja,29073.86,0.2662,27,PRE,F,0
1839,Cartao_Credito,37034.42,0.1891,41,PRE,AA,15
1840,Emprestimo_Pessoal,40406.7,0.2399,8,POS-CDI,AA,0
1841,Cartao_Credito,42265.0,0.298,28,POS-CDI,C,0
1842,Emprestimo_Pessoal,13071.76,0.1606,10,PRE,AA,0
1843,Parcelado_Loja,2040.22,0.1902,17,PRE,AA,0
1844,Cartao_Credito,37095.09,0.2064,29,PRE,A,5
1845,Parcelado_Loja,5764.01,0.1448,6,POS-CDI,AA,0
1846,Cartao_Credito,16088.52,0.1346,14,POS-CDI,AA,15
1847,Parcelado_Loja,688.95,0.2694,22,PRE,AA,0
1848,Emprestimo_Pessoal,34242.64,0.2958,6,POS-CDI,A,0
1849,Emprestimo_Pessoal,8773.03,0.1929,26,PRE,F,0
1850,Emprestimo_Pessoal,32936.48,0.1358,39,POS-CDI,C,5
1851,Cartao_Credito,49591.26,0.1318,12,POS-CDI,AA,0
1852,Emprestimo_Pessoal,4097.21,0.2804,35,POS-CDI,AA,0
1853,Cartao_Credito,4315.36,0.2035,14,POS-CDI,A,0
1854,Emprestimo_Pessoal,17348.81,0.1776,22,PRE,G,0
1855,Emprestimo_Pessoal,43386.13,0.2058,23,POS-CDI,AA,0
1856,Cartao_Credito,11168.73,0.1773,7,PRE,AA,45
1857,Cartao_Credito,18338.7,0.208,40,PRE,B,0
1858,Emprestimo_Pessoal,3891.02,0.2747,25,PRE,F,0
1859,Cartao_Credito,38276.19,0.2266,13,POS-CDI,AA,0
1860,Emprestimo_Pessoal,20711.16,0.245,21,PRE,AA,0
1861,Cartao_Credito,38082.81,0.1856,41,PRE,AA,0
1862,Parcelado_Loja,45228.59,0.2529,10,PRE,AA,0
1863,Parcelado_Loja,12021.78,0.24,9,PRE,A,0
1864,Parcelado_Loja,40466.1,0.1415,15,PRE,A,0
1865,Parcelado_Loja,3425.15,0.2231,2,POS-CDI,A,0
1866,Parcelado_Loja,44992.95,0.1662,25,POS-CDI,AA,0
1867,Emprestimo_Pessoal,32713.04,0.2647,13,PRE,AA,0
1868,Parcelado_Loja,43774.22,0.1967,34,POS-CDI,AA,0
1869,Parcelado_Loja,509.33,0.299,34,POS-CDI,AA,0
1870,Parcelado_Loja,8869.51,0.1367,35,PRE,B,0
1871,Parcelado_Loja,19793.09,0.2605,38,POS-CDI,AA,0
1872,Cartao_Credito,19285.39,0.2413,3,POS-CDI,AA,0
1873,Emprestimo_Pessoal,11723.15,0.2581,42,PRE,AA,0
1874,Parcelado_Loja,19389.79,0.1754,6,PRE,A,0
1875,Parcelado_Loja,6878.01,0.2086,19,POS-CDI,A,0
1876,Parcelado_Loja,20931.68,0.2634,3,PRE,C,5
1877,Emprestimo_Pessoal,40216.54,0.1619,18,PRE,AA,0
1878,Cartao_Credito,24213.97,0.1607,39,PRE,B,0
1879,Emprestimo_Pessoal,1391.0,0.2192,9,PRE,AA,5
1880,Cartao_Credito,21361.48,0.2142,12,POS-CDI,AA,0
1881,Parcelado_Loja,1845.16,0.1708,5,PRE,E,0
1882,Parcelado_Loja,48329.05,0.1737,3,PRE,AA,0
1883,Emprestimo_Pessoal,6808.97,0.17,11,PRE,A,0
1884,Emprestimo_Pessoal,35530.57,0.2589,30,PRE,AA,0
1885,Cartao_Credito,48652.43,0.2373,4,PRE,A,0
1886,Cartao_Credito,41388.93,0.2698,5,PRE,B,0
1887,Emprestimo_Pessoal,35116.11,0.2956,1,POS-CDI,D,0
1888,Cartao_Credito,42053.32,0.2053,27,PRE,C,0
1889,Emprestimo_Pessoal,49099.04,0.132,28,PRE,A,0
1890,Cartao_Credito,31256.55,0.1287,29,PRE,AA,0
1891,Emprestimo_Pessoal,28179.65,0.1732,18,PRE,A,0
1892,Emprestimo_Pessoal,31597.79,0.2879,12,PRE,B,0
1893,Emprestimo_Pessoal,26867.46,0.2142,13,PRE,AA,0
1894,Cartao_Credito,31936.91,0.1689,41,POS-CDI,A,0
1895,Cartao_Credito,22767.19,0.1919,2,PRE,C,0
1896,Cartao_Credito,11312.94,0.2277,37,POS-CDI,A,5
1897,Emprestimo_Pessoal,6452.24,0.2375,45,PRE,AA,5
1898,Cartao_Credito,3882.88,0.1477,16,POS-CDI,D,0
1899,Cartao_Credito,13534.13,0.2959,24,PRE,AA,0
1900,Emprestimo_Pessoal,2783.12,0.2181,35,POS-CDI,AA,0
1901,Parcelado_Loja,28574.95,0.1444,22,PRE,A,0
1902,Emprestimo_Pessoal,14549.51,0.2809,36,PRE,AA,15
1903,Cartao_Credito,41314.47,0.1334,11,PRE,B,0
1904,Emprestimo_Pessoal,4174.92,0.2834,46,POS-CDI,AA,15
1905,Parcelado_Loja,11704.4,0.2994,29,PRE,AA,0
1906,Emprestimo_Pessoal,36647.18,0.2461,35,PRE,AA,0
1907,Cartao_Credito,30141.01,0.2587,15,POS-CDI,F,0
1908,Parcelado_Loja,3692.32,0.1807,31,PRE,A,0
1909,Cartao_Credito,43923.35,0.2895,42,POS-CDI,AA,0
1910,Parcelado_Loja,43924.46,0.2153,41,PRE,AA,0
1911,Parcelado_Loja,16855.2,0.2518,43,POS-CDI,AA,0
1912,Emprestimo_Pessoal,17350.09,0.2863,16,PRE,A,0
1913,Emprestimo_Pessoal,49456.9,0.2955,10,PRE,AA,0
1914,Cartao_Credito,31495.72,0.27,32,PRE,A,0
1915,Emprestimo_Pessoal,26800.17,0.1745,2,POS-CDI,A,5
1916,Emprestimo_Pessoal,41988.53,0.294,24,PRE,B,0
1917,Parcelado_Loja,14621.87,0.2331,23,PRE,A,0
1918,Emprestimo_Pessoal,21744.54,0.2875,2,POS-CDI,A,45
1919,Parcelado_Loja,13754.95,0.2417,38,PRE,AA,0
1920,Parcelado_Loja,39563.46,0.1753,31,POS-CDI,B,0
1921,Parcelado_Loja,28880.79,0.1866,40,POS-CDI,B,5
1922,Cartao_Credito,33111.84,0.2191,26,POS-CDI,AA,0
1923,Cartao_Credito,12989.21,0.2622,29,POS-CDI,E,0
1924,Cartao_Credito,11401.15,0.1772,3,PRE,AA,0
1925,Parcelado_Loja,24674.54,0.2244,14,PRE,AA,0
1926,Cartao_Credito,37009.5,0.1822,25,POS-CDI,AA,0
1927,Cartao_Credito,26499.37,0.2668,1,PRE,E,15
1928,Emprestimo_Pessoal,2115.96,0.204,3,PRE,A,0
1929,Cartao_Credito,43493.3,0.1338,26,POS-CDI,B,0
1930,Cartao_Credito,3702.0,0.1499,18,PRE,AA,0
1931,Parcelado_Loja,47813.31,0.131,9,POS-CDI,A,0
1932,Parcelado_Loja,1744.53,0.2099,38,POS-CDI,AA,5
1933,Parcelado_Loja,34875.3,0.1391,23,POS-CDI,C,0
1934,Parcelado_Loja,4569.25,0.1405,21,POS-CDI,AA,15
1935,Parcelado_Loja,45578.49,0.2894,1,POS-CDI,AA,0
1936,Parcelado_Loja,23489.45,0.2771,21,POS-CDI,AA,0
1937,Cartao_Credito,7307.43,0.2014,27,PRE,D,5
1938,Parcelado_Loja,17370.38,0.2974,42,PRE,A,5
1939,Parcelado_Loja,8658.82,0.12,6,POS-CDI,A,5
1940,Emprestimo_Pessoal,8943.8,0.2305,44,POS-CDI,A,0
1941,Cartao_Credito,47431.36,0.231,36,PRE,G,0
1942,Cartao_Credito,22539.68,0.2023,28,PRE,D,0
1943,Cartao_Credito,39545.71,0.1915,45,PRE,B,15
1944,Parcelado_Loja,32160.48,0.202,17,PRE,AA,0
1945,Parcelado_Loja,33983.1,0.1947,40,POS-CDI,AA,0
1946,Parcelado_Loja,7018.83,0.2515,3,POS-CDI,E,0
1947,Emprestimo_Pessoal,12092.13,0.1444,12,PRE,A,0
1948,Parcelado_Loja,39444.14,0.1556,39,PRE,AA,5
1949,Emprestimo_Pessoal,48552.93,0.1525,12,PRE,A,0
1950,Cartao_Credito,13502.44,0.1672,2,POS-CDI,E,0
1951,Parcelado_Loja,13942.65,0.2145,46,PRE,AA,0
1952,Emprestimo_Pessoal,23908.41,0.14,22,PRE,A,0
1953,Emprestimo_Pessoal,49200.1,0.2763,23,PRE,C,0
1954,Parcelado_Loja,13813.47,0.1735,30,PRE,A,0
1955,Cartao_Credito,20645.11,0.1493,5,PRE,AA,0
1956,Cartao_Credito,44628.26,0.2416,9,PRE,H,0
1957,Cartao_Credito,644.59,0.1269,21,PRE,F,0
1958,Emprestimo_Pessoal,2468.42,0.2316,11,PRE,C,0
1959,Emprestimo_Pessoal,30401.55,0.2457,5,PRE,A,0
1960,Emprestimo_Pessoal,45415.32,0.1587,35,POS-CDI,AA,0
1961,Emprestimo_Pessoal,12323.4,0.1276,27,POS-CDI,E,0
1962,Cartao_Credito,23747.27,0.1855,2,POS-CDI,AA,0
1963,Parcelado_Loja,22798.03,0.1377,24,POS-CDI,C,5
1964,Emprestimo_Pessoal,23912.08,0.141,31,PRE,E,0
1965,Emprestimo_Pessoal,31314.72,0.1658,33,PRE,A,0
1966,Cartao_Credito,23752.32,0.1732,39,PRE,C,5
1967,Parcelado_Loja,22649.67,0.2154,30,POS-CDI,B,0
1968,Parcelado_Loja,23977.28,0.2421,46,POS-CDI,AA,5
1969,Cartao_Credito,29747.94,0.2267,37,PRE,A,0
1970,Cartao_Credito,27081.87,0.1467,28,PRE,AA,5
1971,Parcelado_Loja,42779.73,0.151,31,PRE,A,5
1972,Emprestimo_Pessoal,2950.09,0.2782,11,POS-CDI,AA,0
1973,Parcelado_Loja,41749.2,0.2205,23,PRE,A,0
1974,Cartao_Credito,42274.27,0.2766,2,PRE,C,0
1975,Emprestimo_Pessoal,14602.95,0.1869,40,PRE,G,0
1976,Emprestimo_Pessoal,23411.17,0.2306,41,PRE,AA,0
1977,Cartao_Credito,22207.66,0.2143,27,POS-CDI,A,0
1978,Cartao_Credito,11316.24,0.1774,35,PRE,A,0
1979,Cartao_Credito,20141.44,0.2046,2,POS-CDI,F,0
1980,Parcelado_Loja,2697.19,0.2104,39,PRE,A,45
1981,Parcelado_Loja,14252.19,0.1561,37,POS-CDI,A,0
1982,Emprestimo_Pessoal,40925.77,0.1767,21,POS-CDI,E,0
1983,Cartao_Credito,14585.83,0.2625,5,PRE,AA,0
1984,Emprestimo_Pessoal,41001.23,0.2848,45,PRE,E,0
1985,Emprestimo_Pessoal,26814.17,0.1848,21,POS-CDI,E,0
1986,Emprestimo_Pessoal,44053.2,0.1753,29,PRE,E,5
1987,Emprestimo_Pessoal,28951.59,0.1551,20,POS-CDI,AA,0
1988,Cartao_Credito,1968.58,0.2421,38,POS-CDI,A,0
1989,Emprestimo_Pessoal,33933.3,0.1782,20,POS-CDI,D,5
1990,Cartao_Credito,2720.25,0.2978,25,PRE,AA,15
1991,Cartao_Credito,22804.55,0.1786,2,PRE,A,0
1992,Parcelado_Loja,46506.62,0.1909,32,PRE,AA,0
1993,Cartao_Credito,8677.59,0.2286,26,PRE,AA,0
1994,Parcelado_Loja,19798.68,0.2643,6,POS-CDI,A,0
1995,Cartao_Credito,36628.09,0.2045,41,POS-CDI,A,45
1996,Cartao_Credito,44171.8,0.1961,3,PRE,AA,0
1997,Cartao_Credito,33711.68,0.2992,33,POS-CDI,A,0
1998,Parcelado_Loja,13279.58,0.1219,1,PRE,A,5
1999,Parcelado_Loja,33893.09,0.2811,5,PRE,A,0
2000,Emprestimo_Pessoal,15188.02,0.1468,13,POS-CDI,A,200
2001,Parcelado_Loja,36062.25,0.2615,19,POS-CDI,A,0
2002,Parcelado_Loja,47724.64,0.2312,12,PRE,A,0
2003,Parcelado_Loja,36208.98,0.1815,25,POS-CDI,AA,0
2004,Parcelado_Loja,43212.58,0.2773,35,PRE,A,0
2005,Emprestimo_Pessoal,604.14,0.1223,12,PRE,A,0
2006,Parcelado_Loja,36019.82,0.1608,30,PRE,A,0
2007,Cartao_Credito,41564.58,0.222,5,POS-CDI,AA,0
2008,Cartao_Credito,2507.66,0.1833,34,PRE,B,5
2009,Parcelado_Loja,43644.09,0.2299,22,PRE,AA,0
2010,Parcelado_Loja,13206.36,0.1243,39,PRE,E,0
2011,Cartao_Credito,33431.96,0.141,13,POS-CDI,AA,0
2012,Cartao_Credito,40117.57,0.1429,47,PRE,F,5
2013,Emprestimo_Pessoal,33301.89,0.1541,3,PRE,A,0
2014,Cartao_Credito,5068.1,0.2027,20,PRE,A,0
2015,Cartao_Credito,30017.92,0.2554,31,PRE,AA,0
2016,Parcelado_Loja,27704.39,0.283,5,POS-CDI,AA,0
2017,Cartao_Credito,45065.9,0.2704,24,PRE,AA,0
2018,Emprestimo_Pessoal,20509.87,0.1554,40,POS-CDI,AA,0
2019,Cartao_Credito,16393.51,0.1994,33,PRE,A,0
2020,Parcelado_Loja,37617.61,0.1559,8,POS-CDI,AA,5
2021,Parcelado_Loja,20927.43,0.1676,24,PRE,B,5
2022,Cartao_Credito,32481.76,0.2106,20,PRE,AA,0
2023,Parcelado_Loja,32499.28,0.1323,16,PRE,E,0
2024,Emprestimo_Pessoal,44457.93,0.1593,12,POS-CDI,A,0
2025,Emprestimo_Pessoal,30135.27,0.2884,13,POS-CDI,AA,0
2026,Cartao_Credito,25356.6,0.2039,45,PRE,A,45
2027,Cartao_Credito,7374.13,0.2002,42,POS-CDI,AA,0
2028,Cartao_Credito,6229.01,0.1226,39,PRE,AA,0
2029,Parcelado_Loja,8138.92,0.1645,25,PRE,A,100
2030,Emprestimo_Pessoal,9006.5,0.2759,46,PRE,A,0
2031,Emprestimo_Pessoal,32074.92,0.1496,32,PRE,E,0
2032,Parcelado_Loja,37178.57,0.1947,24,POS-CDI,A,0
2033,Emprestimo_Pessoal,26734.58,0.1226,47,PRE,F,0
2034,Cartao_Credito,41536.38,0.2061,44,PRE,F,0
2035,Cartao_Credito,49567.53,0.1238,9,PRE,D,0
2036,Cartao_Credito,41090.63,0.2675,40,PRE,A,0
2037,Emprestimo_Pessoal,34896.68,0.2685,23,PRE,AA,0
2038,Cartao_Credito,26858.39,0.2618,13,PRE,AA,0
2039,Parcelado_Loja,22718.23,0.171,32,PRE,A,0
2040,Parcelado_Loja,4677.42,0.2707,15,PRE,A,0
2041,Emprestimo_Pessoal,20268.75,0.2177,36,PRE,AA,0
2042,Parcelado_Loja,45551.66,0.1873,5,PRE,A,0
2043,Parcelado_Loja,40497.12,0.2326,22,PRE,AA,0
2044,Emprestimo_Pessoal,11194.54,0.1222,16,PRE,B,0
2045,Cartao_Credito,23597.09,0.1457,41,PRE,AA,0
2046,Cartao_Credito,40927.8,0.2536,10,PRE,A,0
2047,Cartao_Credito,3835.54,0.1639,24,PRE,B,0
2048,Emprestimo_Pessoal,19675.93,0.2276,18,PRE,AA,0
2049,Parcelado_Loja,42666.14,0.1893,18,PRE,A,0
2050,Cartao_Credito,20492.94,0.2739,7,PRE,B,0
2051,Cartao_Credito,4341.92,0.2914,4,PRE,AA,0
2052,Emprestimo_Pessoal,27355.45,0.279,26,POS-CDI,AA,45
2053,Cartao_Credito,43156.25,0.1687,5,PRE,AA,0
2054,Emprestimo_Pessoal,29719.13,0.1549,16,PRE,A,5
2055,Parcelado_Loja,11700.82,0.2054,35,POS-CDI,A,0
2056,Emprestimo_Pessoal,19519.86,0.1213,26,PRE,AA,0
2057,Emprestimo_Pessoal,22781.11,0.1246,18,POS-CDI,A,0
2058,Emprestimo_Pessoal,29173.68,0.2196,29,PRE,AA,0
2059,Emprestimo_Pessoal,38087.88,0.2137,23,POS-CDI,C,0
2060,Parcelado_Loja,5394.24,0.299,14,PRE,AA,0
2061,Parcelado_Loja,44537.78,0.1563,15,PRE,C,15
2062,Cartao_Credito,1109.33,0.1665,33,POS-CDI,A,5
2063,Parcelado_Loja,18817.59,0.1404,25,PRE,B,0
2064,Parcelado_Loja,1857.31,0.2852,21,PRE,A,5
2065,Cartao_Credito,19952.22,0.26,17,POS-CDI,A,5
2066,Parcelado_Loja,26527.72,0.268,23,PRE,AA,15
2067,Emprestimo_Pessoal,25828.23,0.2825,43,PRE,B,0
2068,Emprestimo_Pessoal,8698.6,0.2145,17,PRE,A,0
2069,Cartao_Credito,32464.16,0.2012,14,PRE,A,0
2070,Cartao_Credito,2716.53,0.1795,29,POS-CDI,A,0
2071,Cartao_Credito,38214.39,0.2261,20,POS-CDI,C,200
2072,Emprestimo_Pessoal,47358.9,0.2018,30,PRE,A,0
2073,Parcelado_Loja,17318.56,0.2013,19,PRE,AA,0
2074,Emprestimo_Pessoal,26103.35,0.2886,39,PRE,A,5
2075,Cartao_Credito,19256.06,0.2971,13,PRE,A,0
2076,Parcelado_Loja,832.16,0.2634,18,POS-CDI,E,5
2077,Parcelado_Loja,19600.79,0.2562,23,PRE,C,0
2078,Emprestimo_Pessoal,39690.15,0.2425,46,PRE,A,0
2079,Cartao_Credito,30001.45,0.1499,33,POS-CDI,AA,0
2080,Emprestimo_Pessoal,5512.37,0.1306,39,POS-CDI,B,0
2081,Parcelado_Loja,42433.4,0.2443,40,PRE,A,0
2082,Emprestimo_Pessoal,26788.72,0.2512,18,PRE,G,15
2083,Emprestimo_Pessoal,42165.31,0.1285,9,PRE,AA,5
2084,Cartao_Credito,29220.97,0.287,33,POS-CDI,AA,0
2085,Cartao_Credito,28204.58,0.1364,32,PRE,AA,0
2086,Parcelado_Loja,5710.33,0.1715,17,PRE,A,15
2087,Emprestimo_Pessoal,8784.31,0.241,19,PRE,E,0
2088,Emprestimo_Pessoal,48615.25,0.1506,27,PRE,AA,0
2089,Emprestimo_Pessoal,11810.09,0.13,6,PRE,B,5
2090,Parcelado_Loja,48883.88,0.1796,35,POS-CDI,A,5
2091,Parcelado_Loja,26829.68,0.2579,37,POS-CDI,B,0
2092,Cartao_Credito,7221.56,0.1945,34,POS-CDI,AA,0
2093,Cartao_Credito,5415.46,0.2375,20,PRE,C,0
2094,Cartao_Credito,10838.77,0.2243,25,POS-CDI,AA,0
2095,Emprestimo_Pessoal,46319.05,0.124,4,POS-CDI,B,5
2096,Emprestimo_Pessoal,21000.44,0.2979,10,PRE,AA,45
2097,Cartao_Credito,20074.0,0.1275,10,PRE,A,0
2098,Emprestimo_Pessoal,16003.71,0.2942,24,PRE,C,0
2099,Cartao_Credito,7779.56,0.219,21,POS-CDI,AA,45
2100,Parcelado_Loja,24648.63,0.2934,11,PRE,AA,0
2101,Cartao_Credito,6937.37,0.1407,27,POS-CDI,A,0
2102,Parcelado_Loja,41856.27,0.2083,16,PRE,A,5
2103,Emprestimo_Pessoal,18834.65,0.1505,26,POS-CDI,A,0
2104,Cartao_Credito,19052.78,0.1292,30,PRE,AA,0
2105,Emprestimo_Pessoal,23963.32,0.2312,16,POS-CDI,AA,0
2106,Parcelado_Loja,22484.32,0.1574,7,PRE,A,0
2107,Parcelado_Loja,49745.47,0.2258,16,POS-CDI,AA,0
2108,Parcelado_Loja,27496.37,0.1402,35,PRE,E,0
2109,Emprestimo_Pessoal,4865.98,0.1798,16,PRE,AA,45
2110,Emprestimo_Pessoal,30540.43,0.2607,40,PRE,A,0
2111,Emprestimo_Pessoal,8003.42,0.1987,12,PRE,AA,0
2112,Emprestimo_Pessoal,2031.41,0.233,35,PRE,AA,0
2113,Parcelado_Loja,48551.74,0.2365,21,PRE,A,0
2114,Parcelado_Loja,38790.18,0.2719,43,POS-CDI,A,0
2115,Cartao_Credito,49015.4,0.1785,36,PRE,AA,0
2116,Cartao_Credito,24154.98,0.2437,17,PRE,AA,0
2117,Emprestimo_Pessoal,26846.75,0.2931,32,PRE,AA,0
2118,Parcelado_Loja,8832.68,0.2514,41,PRE,B,5
2119,Parcelado_Loja,12721.92,0.2082,6,POS-CDI,A,0
2120,Parcelado_Loja,42008.19,0.2335,24,PRE,AA,0
2121,Cartao_Credito,18131.19,0.2531,27,POS-CDI,A,0
2122,Cartao_Credito,41427.34,0.2302,20,PRE,B,0
2123,Parcelado_Loja,35596.18,0.123,25,PRE,D,0
2124,Parcelado_Loja,9269.96,0.1551,2,POS-CDI,E,0
2125,Parcelado_Loja,25618.6,0.2659,9,PRE,AA,0
2126,Cartao_Credito,34030.67,0.1691,28,PRE,AA,200
2127,Parcelado_Loja,12134.34,0.2517,38,PRE,AA,0
2128,Parcelado_Loja,41619.08,0.187,3,POS-CDI,B,0
2129,Emprestimo_Pessoal,27468.97,0.2139,20,PRE,G,0
2130,Emprestimo_Pessoal,8679.48,0.1322,6,PRE,A,0
2131,Cartao_Credito,29357.73,0.1526,39,PRE,AA,5
2132,Parcelado_Loja,49985.83,0.2923,33,PRE,A,0
2133,Parcelado_Loja,7950.81,0.2802,1,POS-CDI,AA,0
2134,Emprestimo_Pessoal,40929.47,0.2374,37,PRE,AA,0
2135,Cartao_Credito,10761.8,0.2027,6,PRE,A,0
2136,Emprestimo_Pessoal,39228.22,0.2416,45,POS-CDI,AA,0
2137,Emprestimo_Pessoal,36861.61,0.2313,34,PRE,AA,45
2138,Emprestimo_Pessoal,15374.22,0.2223,47,PRE,A,0
2139,Emprestimo_Pessoal,16628.24,0.1307,15,PRE,AA,0
2140,Parcelado_Loja,39729.81,0.2339,45,PRE,AA,0
2141,Parcelado_Loja,23341.55,0.2584,26,PRE,AA,0
2142,Emprestimo_Pessoal,36675.49,0.2989,14,PRE,D,5
2143,Cartao_Credito,7825.22,0.122,7,PRE,B,0
2144,Cartao_Credito,42701.61,0.2514,46,PRE,AA,0
2145,Cartao_Credito,35688.79,0.2229,31,PRE,A,0
2146,Cartao_Credito,45393.67,0.1981,24,PRE,AA,0
2147,Emprestimo_Pessoal,7052.43,0.143,31,PRE,A,0
2148,Parcelado_Loja,29854.22,0.1936,29,POS-CDI,B,0
2149,Cartao_Credito,30156.47,0.1838,42,PRE,D,0
2150,Emprestimo_Pessoal,17996.31,0.1745,32,POS-CDI,A,15
2151,Cartao_Credito,23194.09,0.2516,17,PRE,H,0
2152,Cartao_Credito,2380.09,0.2461,14,POS-CDI,G,5
2153,Emprestimo_Pessoal,37420.07,0.226,40,POS-CDI,D,0
2154,Parcelado_Loja,27691.46,0.289,36,PRE,A,0
2155,Parcelado_Loja,3358.18,0.183,24,PRE,AA,0
2156,Emprestimo_Pessoal,34197.42,0.1639,45,PRE,AA,5
2157,Parcelado_Loja,23605.71,0.2381,27,PRE,AA,0
2158,Emprestimo_Pessoal,2205.83,0.1558,25,PRE,AA,0
2159,Emprestimo_Pessoal,48495.58,0.1767,32,POS-CDI,B,0
2160,Emprestimo_Pessoal,47481.05,0.1604,18,PRE,A,200
2161,Parcelado_Loja,25888.67,0.1324,46,PRE,E,5
2162,Emprestimo_Pessoal,5136.78,0.2689,18,PRE,AA,0
2163,Cartao_Credito,37853.75,0.1658,37,PRE,AA,5
2164,Parcelado_Loja,24850.59,0.2051,26,POS-CDI,B,0
2165,Parcelado_Loja,15471.15,0.1278,9,POS-CDI,AA,5
2166,Parcelado_Loja,24825.2,0.2459,35,PRE,AA,0
2167,Parcelado_Loja,26360.99,0.1795,8,PRE,H,0
2168,Cartao_Credito,28354.23,0.2541,20,PRE,B,0
2169,Parcelado_Loja,22340.57,0.1942,42,POS-CDI,A,0
2170,Parcelado_Loja,30484.89,0.1552,22,PRE,C,0
2171,Emprestimo_Pessoal,45977.37,0.2124,19,PRE,A,0
2172,Parcelado_Loja,18432.27,0.1435,30,POS-CDI,B,0
2173,Cartao_Credito,36422.96,0.1993,28,PRE,C,0
2174,Cartao_Credito,44775.4,0.1771,35,POS-CDI,AA,0
2175,Cartao_Credito,23070.97,0.2842,43,PRE,A,45
2176,Cartao_Credito,22451.06,0.131,11,POS-CDI,AA,15
2177,Parcelado_Loja,30304.79,0.2449,31,PRE,AA,15
2178,Parcelado_Loja,29774.63,0.1529,39,PRE,E,0
2179,Cartao_Credito,40426.17,0.1774,36,PRE,A,0
2180,Cartao_Credito,24085.93,0.1948,30,POS-CDI,B,45
2181,Parcelado_Loja,49808.09,0.2834,23,PRE,C,15
2182,Cartao_Credito,3443.84,0.1637,19,PRE,F,0
2183,Emprestimo_Pessoal,656.81,0.1364,12,PRE,D,0
2184,Cartao_Credito,32189.82,0.1774,15,PRE,A,0
2185,Cartao_Credito,15272.53,0.1388,31,PRE,AA,0
2186,Emprestimo_Pessoal,12398.93,0.1431,43,POS-CDI,AA,0
2187,Emprestimo_Pessoal,15939.0,0.2233,37,PRE,A,0
2188,Parcelado_Loja,13174.35,0.131,37,PRE,AA,5
2189,Parcelado_Loja,2024.11,0.1256,15,PRE,A,0
2190,Emprestimo_Pessoal,48590.89,0.2486,29,PRE,A,0
2191,Emprestimo_Pessoal,11426.9,0.1851,43,PRE,G,0
2192,Parcelado_Loja,36834.47,0.1426,26,PRE,B,100
2193,Cartao_Credito,38248.52,0.1657,44,PRE,A,0
2194,Emprestimo_Pessoal,46498.24,0.2356,2,PRE,AA,0
2195,Parcelado_Loja,2012.2,0.1696,20,POS-CDI,AA,0
2196,Cartao_Credito,43666.39,0.209,15,PRE,AA,0
2197,Emprestimo_Pessoal,26597.7,0.1419,4,PRE,B,0
2198,Cartao_Credito,31810.93,0.2259,22,POS-CDI,AA,0
2199,Parcelado_Loja,32401.28,0.1769,38,POS-CDI,B,0
2200,Emprestimo_Pessoal,41079.99,0.2329,23,PRE,A,0
2201,Cartao_Credito,17003.66,0.2655,26,PRE,AA,0
2202,Emprestimo_Pessoal,36786.03,0.2301,11,POS-CDI,AA,0
2203,Cartao_Credito,26664.62,0.1732,28,PRE,A,0
2204,Parcelado_Loja,39773.0,0.166,2,PRE,A,5
2205,Parcelado_Loja,49532.03,0.1789,8,PRE,B,0
2206,Emprestimo_Pessoal,10432.23,0.1496,29,PRE,B,0
2207,Cartao_Credito,49735.11,0.1526,11,PRE,A,0
2208,Emprestimo_Pessoal,4945.7,0.2623,37,POS-CDI,C,0
2209,Emprestimo_Pessoal,614.72,0.1893,18,PRE,A,0
2210,Cartao_Credito,2686.02,0.1985,14,PRE,F,0
2211,Cartao_Credito,17418.23,0.2269,10,PRE,AA,0
2212,Cartao_Credito,31828.86,0.2261,35,PRE,B,5
2213,Parcelado_Loja,3916.96,0.1321,9,POS-CDI,AA,45
2214,Emprestimo_Pessoal,780.46,0.2697,35,PRE,AA,45
2215,Emprestimo_Pessoal,46886.01,0.1519,11,POS-CDI,AA,0
2216,Parcelado_Loja,41185.37,0.2502,44,PRE,A,0
2217,Cartao_Credito,40554.57,0.2591,12,PRE,AA,0
2218,Parcelado_Loja,44279.0,0.2487,3,POS-CDI,AA,0
2219,Parcelado_Loja,35151.7,0.2242,39,PRE,H,0
2220,Parcelado_Loja,5668.0,0.1226,14,PRE,C,0
2221,Emprestimo_Pessoal,20255.46,0.1849,28,POS-CDI,B,0
2222,Parcelado_Loja,36295.9,0.2289,11,PRE,B,0
2223,Emprestimo_Pessoal,14376.56,0.1897,39,POS-CDI,F,0
2224,Emprestimo_Pessoal,34526.62,0.2754,25,POS-CDI,A,0
2225,Emprestimo_Pessoal,1712.67,0.1756,21,PRE,AA,0
2226,Cartao_Credito,15653.8,0.1728,10,PRE,D,5
2227,Emprestimo_Pessoal,27681.95,0.1679,43,PRE,B,0
2228,Emprestimo_Pessoal,31788.45,0.1799,15,PRE,A,0
2229,Cartao_Credito,29063.51,0.2203,19,POS-CDI,A,0
2230,Emprestimo_Pessoal,35038.94,0.2473,22,POS-CDI,A,0
2231,Parcelado_Loja,801.39,0.2393,21,PRE,E,0
2232,Parcelado_Loja,5496.59,0.2654,44,PRE,AA,45
2233,Emprestimo_Pessoal,43512.74,0.2795,32,PRE,F,200
2234,Cartao_Credito,34246.56,0.2669,23,PRE,E,0
2235,Parcelado_Loja,6090.12,0.1234,13,POS-CDI,A,0
2236,Cartao_Credito,42182.68,0.2525,5,PRE,A,0
2237,Cartao_Credito,12490.45,0.1575,4,POS-CDI,AA,0
2238,Parcelado_Loja,24173.86,0.1439,28,PRE,AA,5
2239,Cartao_Credito,7687.23,0.2349,14,POS-CDI,AA,0
2240,Parcelado_Loja,35650.45,0.1776,8,PRE,B,5
2241,Cartao_Credito,33509.29,0.1303,9,PRE,A,0
2242,Parcelado_Loja,10950.07,0.1448,35,PRE,AA,0
2243,Emprestimo_Pessoal,43238.34,0.1202,37,POS-CDI,AA,0
2244,Parcelado_Loja,20364.65,0.2826,21,PRE,F,0
2245,Parcelado_Loja,14979.5,0.1244,18,PRE,AA,0
2246,Parcelado_Loja,8040.31,0.1577,33,PRE,E,0
2247,Parcelado_Loja,13675.32,0.1949,8,PRE,AA,0
2248,Cartao_Credito,1590.33,0.1842,17,PRE,A,0
2249,Emprestimo_Pessoal,29371.25,0.2841,43,POS-CDI,AA,0
2250,Parcelado_Loja,42190.42,0.1273,31,PRE,A,0
2251,Cartao_Credito,27674.53,0.2122,34,PRE,A,0
2252,Emprestimo_Pessoal,11354.06,0.2425,6,PRE,AA,0
2253,Emprestimo_Pessoal,2166.62,0.2877,22,PRE,A,0
2254,Emprestimo_Pessoal,11124.09,0.2317,14,PRE,A,0
2255,Emprestimo_Pessoal,21098.01,0.2647,3,PRE,A,5
2256,Parcelado_Loja,38100.77,0.1351,12,PRE,B,0
2257,Parcelado_Loja,9798.22,0.1895,36,PRE,AA,0
2258,Cartao_Credito,36129.68,0.1873,12,POS-CDI,A,0
2259,Cartao_Credito,43413.21,0.2795,45,PRE,G,5
2260,Cartao_Credito,22970.37,0.1472,2,POS-CDI,D,0
2261,Emprestimo_Pessoal,41160.88,0.1473,2,PRE,F,0
2262,Emprestimo_Pessoal,27955.54,0.1791,15,PRE,AA,0
2263,Parcelado_Loja,32036.0,0.1298,23,PRE,B,0
2264,Emprestimo_Pessoal,26550.78,0.1528,29,PRE,A,0
2265,Emprestimo_Pessoal,23427.05,0.2937,17,POS-CDI,AA,0
2266,Emprestimo_Pessoal,12115.35,0.1971,32,POS-CDI,C,5
2267,Cartao_Credito,15508.11,0.2338,7,PRE,A,15
2268,Cartao_Credito,14853.52,0.2507,30,PRE,AA,0
2269,Parcelado_Loja,28382.8,0.1861,28,PRE,AA,0
2270,Emprestimo_Pessoal,6437.71,0.1465,14,PRE,C,0
2271,Emprestimo_Pessoal,45881.19,0.1572,44,PRE,AA,0
2272,Parcelado_Loja,36172.43,0.1764,30,POS-CDI,AA,0
2273,Emprestimo_Pessoal,20371.56,0.2345,17,POS-CDI,A,0
2274,Emprestimo_Pessoal,8351.9,0.1917,32,POS-CDI,AA,0
2275,Cartao_Credito,44158.61,0.1212,46,POS-CDI,E,0
2276,Parcelado_Loja,41277.02,0.2142,6,PRE,A,0
2277,Parcelado_Loja,36225.22,0.2859,24,PRE,A,0
2278,Parcelado_Loja,13941.58,0.2662,6,PRE,E,0
2279,Parcelado_Loja,20421.11,0.2685,27,PRE,A,0
2280,Cartao_Credito,5586.04,0.2631,18,PRE,AA,0
2281,Cartao_Credito,9857.46,0.1783,24,POS-CDI,B,5
2282,Emprestimo_Pessoal,39259.32,0.2577,37,POS-CDI,A,5
2283,Emprestimo_Pessoal,35894.42,0.1458,24,POS-CDI,AA,0
2284,Emprestimo_Pessoal,29877.55,0.2384,38,POS-CDI,B,0
2285,Emprestimo_Pessoal,44838.47,0.2355,34,POS-CDI,C,0
2286,Cartao_Credito,29371.69,0.1246,40,PRE,B,0
2287,Parcelado_Loja,23614.92,0.2618,47,POS-CDI,G,0
2288,Cartao_Credito,17348.35,0.2826,15,PRE,B,0
2289,Emprestimo_Pessoal,47052.2,0.1681,11,PRE,B,0
2290,Cartao_Credito,4594.42,0.2662,22,POS-CDI,D,0
2291,Parcelado_Loja,46578.92,0.1348,24,POS-CDI,AA,5
2292,Parcelado_Loja,41422.38,0.228,1,PRE,AA,0
2293,Cartao_Credito,6931.53,0.2074,18,PRE,B,0
2294,Cartao_Credito,28466.73,0.2183,44,PRE,A,0
2295,Cartao_Credito,43394.13,0.2867,12,PRE,AA,0
2296,Emprestimo_Pessoal,28804.55,0.2768,43,POS-CDI,AA,0
2297,Cartao_Credito,45406.39,0.2613,28,PRE,AA,0
2298,Cartao_Credito,47177.7,0.1693,40,PRE,A,0
2299,Cartao_Credito,21408.03,0.2841,7,PRE,C,5
2300,Parcelado_Loja,19177.03,0.1376,23,PRE,E,0
2301,Parcelado_Loja,46847.9,0.2736,21,PRE,B,5
2302,Emprestimo_Pessoal,33919.43,0.1791,34,POS-CDI,C,0
2303,Emprestimo_Pessoal,6243.12,0.1297,11,PRE,A,0
2304,Parcelado_Loja,2593.44,0.2405,22,PRE,AA,0
2305,Parcelado_Loja,28449.14,0.1616,42,PRE,AA,0
2306,Parcelado_Loja,46543.46,0.1638,35,PRE,A,5
2307,Cartao_Credito,42290.31,0.1751,29,POS-CDI,AA,0
2308,Cartao_Credito,33954.46,0.1315,42,PRE,A,0
2309,Parcelado_Loja,7386.23,0.1519,28,POS-CDI,A,0
2310,Cartao_Credito,13084.45,0.1209,18,PRE,A,0
2311,Cartao_Credito,43837.81,0.2002,14,PRE,F,0
2312,Emprestimo_Pessoal,9548.96,0.1352,18,PRE,A,0
2313,Parcelado_Loja,14282.75,0.2429,28,PRE,AA,45
2314,Parcelado_Loja,6915.23,0.1624,24,POS-CDI,A,0
2315,Cartao_Credito,33967.36,0.2898,8,PRE,A,0
2316,Parcelado_Loja,47227.12,0.2768,42,PRE,AA,0
2317,Emprestimo_Pessoal,13813.92,0.1721,45,PRE,AA,0
2318,Emprestimo_Pessoal,24032.63,0.261,8,PRE,A,0
2319,Emprestimo_Pessoal,31899.82,0.2646,4,POS-CDI,F,5
2320,Parcelado_Loja,49973.58,0.2976,27,PRE,A,0
2321,Parcelado_Loja,5688.0,0.2276,36,PRE,E,0
2322,Parcelado_Loja,25179.25,0.1348,5,POS-CDI,C,0
2323,Parcelado_Loja,19563.45,0.2364,33,PRE,AA,45
2324,Parcelado_Loja,43358.1,0.2325,34,PRE,B,100
2325,Emprestimo_Pessoal,24060.4,0.2349,30,PRE,A,0
2326,Cartao_Credito,5993.39,0.1753,8,POS-CDI,AA,0
2327,Emprestimo_Pessoal,31904.0,0.2747,39,POS-CDI,A,0
2328,Parcelado_Loja,38653.64,0.2927,47,PRE,B,5
2329,Emprestimo_Pessoal,642.62,0.1592,26,PRE,AA,0
2330,Parcelado_Loja,43018.36,0.1359,37,POS-CDI,E,0
2331,Parcelado_Loja,9708.14,0.155,34,PRE,B,0
2332,Emprestimo_Pessoal,27827.43,0.2677,7,PRE,E,0
2333,Parcelado_Loja,21081.98,0.2418,40,PRE,AA,0
2334,Cartao_Credito,36122.86,0.2345,28,POS-CDI,E,15
2335,Parcelado_Loja,18872.5,0.1923,39,PRE,AA,0
2336,Cartao_Credito,43553.28,0.224,39,PRE,AA,0
2337,Cartao_Credito,36659.57,0.1754,28,PRE,B,0
2338,Parcelado_Loja,32561.8,0.2059,14,PRE,B,15
2339,Emprestimo_Pessoal,39913.91,0.2628,38,POS-CDI,A,5
2340,Cartao_Credito,37824.14,0.2966,4,PRE,A,0
2341,Emprestimo_Pessoal,2278.96,0.2878,42,PRE,AA,5
2342,Cartao_Credito,20039.35,0.2881,18,PRE,A,0
2343,Parcelado_Loja,46574.96,0.1924,44,PRE,A,0
2344,Parcelado_Loja,6723.35,0.2044,25,POS-CDI,A,0
2345,Cartao_Credito,36986.28,0.247,7,PRE,A,15
2346,Parcelado_Loja,48742.29,0.286,38,POS-CDI,F,15
2347,Cartao_Credito,3083.83,0.1456,28,PRE,A,0
2348,Parcelado_Loja,34268.6,0.1748,5,PRE,B,0
2349,Emprestimo_Pessoal,23673.63,0.1451,3,PRE,E,0
2350,Parcelado_Loja,29169.18,0.2302,44,PRE,A,5
2351,Emprestimo_Pessoal,4724.4,0.1751,31,PRE,AA,0
2352,Parcelado_Loja,2628.84,0.1787,47,POS-CDI,AA,0
2353,Emprestimo_Pessoal,33509.9,0.1328,42,PRE,B,0
2354,Parcelado_Loja,41253.82,0.183,20,PRE,AA,0
2355,Emprestimo_Pessoal,39209.76,0.2752,19,POS-CDI,A,0
2356,Cartao_Credito,27418.38,0.162,11,POS-CDI,AA,0
2357,Cartao_Credito,5443.41,0.2451,40,PRE,AA,0
2358,Emprestimo_Pessoal,34558.2,0.2333,3,PRE,A,45
2359,Parcelado_Loja,12473.5,0.2754,23,PRE,G,0
2360,Emprestimo_Pessoal,45597.9,0.1438,7,POS-CDI,A,45
2361,Parcelado_Loja,41994.14,0.296,23,POS-CDI,E,0
2362,Cartao_Credito,35614.46,0.2249,7,POS-CDI,F,0
2363,Parcelado_Loja,47467.87,0.2992,46,POS-CDI,AA,0
2364,Cartao_Credito,2055.38,0.2841,34,PRE,AA,0
2365,Parcelado_Loja,36941.92,0.1599,42,POS-CDI,B,0
2366,Parcelado_Loja,16847.02,0.1301,19,PRE,D,0
2367,Parcelado_Loja,45350.26,0.166,9,PRE,A,0
2368,Emprestimo_Pessoal,13700.42,0.215,18,PRE,H,0
2369,Emprestimo_Pessoal,36380.4,0.1509,41,POS-CDI,AA,0
2370,Cartao_Credito,43943.53,0.1501,45,POS-CDI,AA,0
2371,Cartao_Credito,2562.01,0.2033,42,PRE,A,0
2372,Emprestimo_Pessoal,20183.56,0.126,25,POS-CDI,A,0
2373,Cartao_Credito,38234.3,0.1419,14,POS-CDI,AA,0
2374,Emprestimo_Pessoal,23018.49,0.1949,44,PRE,AA,200
2375,Parcelado_Loja,13729.01,0.1314,25,PRE,AA,0
2376,Cartao_Credito,11380.36,0.1914,19,POS-CDI,A,0
2377,Cartao_Credito,7010.15,0.2053,39,PRE,D,0
2378,Emprestimo_Pessoal,42927.91,0.2012,15,PRE,D,0
2379,Cartao_Credito,28980.09,0.2765,16,POS-CDI,A,0
2380,Cartao_Credito,4281.05,0.2154,27,POS-CDI,A,5
2381,Parcelado_Loja,19437.73,0.2042,40,PRE,A,0
2382,Cartao_Credito,18702.82,0.1939,10,POS-CDI,AA,0
2383,Parcelado_Loja,9496.09,0.2672,4,PRE,AA,0
2384,Emprestimo_Pessoal,22057.63,0.2811,19,PRE,AA,0
2385,Cartao_Credito,16938.92,0.2736,28,PRE,C,0
2386,Parcelado_Loja,17419.28,0.2412,21,PRE,E,0
2387,Emprestimo_Pessoal,37081.81,0.1447,47,POS-CDI,A,0
2388,Cartao_Credito,11551.54,0.1698,14,PRE,B,0
2389,Emprestimo_Pessoal,32272.07,0.1283,33,PRE,AA,0
2390,Cartao_Credito,28747.16,0.2875,10,PRE,A,0
2391,Emprestimo_Pessoal,28620.58,0.2389,19,POS-CDI,B,0
2392,Emprestimo_Pessoal,33318.86,0.2543,30,PRE,A,0
2393,Parcelado_Loja,27644.91,0.1761,22,PRE,AA,0
2394,Emprestimo_Pessoal,44023.13,0.2722,3,PRE,D,0
2395,Cartao_Credito,33941.21,0.1667,37,POS-CDI,B,0
2396,Cartao_Credito,27574.68,0.1203,41,PRE,D,0
2397,Parcelado_Loja,41573.27,0.1878,18,PRE,C,45
2398,Cartao_Credito,30504.25,0.2227,11,PRE,H,0
2399,Cartao_Credito,14911.64,0.2062,2,POS-CDI,AA,0
2400,Cartao_Credito,10751.2,0.2752,12,PRE,AA,0
2401,Emprestimo_Pessoal,8040.23,0.139,6,PRE,AA,0
2402,Emprestimo_Pessoal,45023.03,0.2197,43,PRE,AA,15
2403,Cartao_Credito,35651.7,0.2123,40,PRE,A,0
2404,Parcelado_Loja,46900.23,0.1707,44,POS-CDI,A,0
2405,Emprestimo_Pessoal,30362.94,0.268,29,PRE,A,0
2406,Parcelado_Loja,23933.34,0.2555,30,POS-CDI,AA,0
2407,Cartao_Credito,3455.97,0.2519,2,POS-CDI,E,0
2408,Cartao_Credito,33746.29,0.2777,9,PRE,AA,0
2409,Emprestimo_Pessoal,29319.33,0.2501,47,POS-CDI,AA,0
2410,Cartao_Credito,49515.34,0.1617,2,POS-CDI,B,0
2411,Emprestimo_Pessoal,12338.36,0.247,29,POS-CDI,B,0
2412,Cartao_Credito,26771.5,0.1754,33,PRE,A,5
2413,Cartao_Credito,32722.39,0.1636,10,PRE,AA,0
2414,Emprestimo_Pessoal,32407.26,0.1331,34,PRE,A,0
2415,Emprestimo_Pessoal,28284.03,0.2539,44,POS-CDI,AA,0
2416,Emprestimo_Pessoal,38957.94,0.248,8,PRE,AA,0
2417,Cartao_Credito,10646.57,0.1622,37,PRE,A,0
2418,Cartao_Credito,36418.55,0.2549,33,PRE,AA,0
2419,Parcelado_Loja,31176.86,0.2852,47,PRE,AA,0
2420,Emprestimo_Pessoal,44855.72,0.1394,6,PRE,A,0
2421,Cartao_Credito,42436.12,0.1619,44,PRE,G,0
2422,Cartao_Credito,16099.78,0.255,40,PRE,F,5
2423,Emprestimo_Pessoal,14173.75,0.1694,45,POS-CDI,A,0
2424,Parcelado_Loja,49091.84,0.2324,19,PRE,AA,0
2425,Emprestimo_Pessoal,26599.63,0.1346,32,POS-CDI,AA,5
2426,Parcelado_Loja,45367.84,0.2014,27,PRE,AA,0
2427,Cartao_Credito,8612.11,0.253,1,PRE,A,0
2428,Parcelado_Loja,32319.54,0.2436,43,POS-CDI,A,0
2429,Cartao_Credito,40588.08,0.2667,33,POS-CDI,A,0
2430,Emprestimo_Pessoal,47396.06,0.2779,40,PRE,A,0
2431,Emprestimo_Pessoal,17198.34,0.2592,32,POS-CDI,AA,0
2432,Emprestimo_Pessoal,36386.57,0.2409,5,POS-CDI,A,0
2433,Parcelado_Loja,27171.24,0.1257,17,POS-CDI,AA,0
2434,Cartao_Credito,3501.13,0.2163,8,PRE,A,5
2435,Emprestimo_Pessoal,34654.99,0.1268,42,PRE,A,0
2436,Emprestimo_Pessoal,34659.78,0.2655,34,PRE,A,45
2437,Cartao_Credito,46565.04,0.1777,9,PRE,A,45
2438,Emprestimo_Pessoal,25116.97,0.2212,23,PRE,A,0
2439,Cartao_Credito,11897.42,0.1703,35,POS-CDI,AA,15
2440,Cartao_Credito,2705.91,0.2609,7,PRE,AA,0
2441,Cartao_Credito,21074.29,0.2796,15,PRE,A,5
2442,Cartao_Credito,15444.88,0.1918,20,PRE,AA,0
2443,Cartao_Credito,38173.87,0.2753,25,POS-CDI,A,0
2444,Parcelado_Loja,18036.25,0.1681,3,PRE,B,0
2445,Emprestimo_Pessoal,47479.02,0.2162,46,POS-CDI,E,0
2446,Parcelado_Loja,48134.36,0.2746,24,PRE,F,5
2447,Emprestimo_Pessoal,31234.98,0.1787,34,POS-CDI,AA,5
2448,Parcelado_Loja,46468.68,0.2917,46,POS-CDI,H,0
2449,Cartao_Credito,38162.29,0.1419,22,PRE,A,5
2450,Emprestimo_Pessoal,27569.55,0.1233,11,POS-CDI,A,0
2451,Emprestimo_Pessoal,9425.24,0.2827,8,PRE,AA,0
2452,Parcelado_Loja,23200.6,0.1324,39,PRE,D,0
2453,Parcelado_Loja,28263.29,0.2985,43,PRE,AA,0
2454,Emprestimo_Pessoal,43266.1,0.2913,35,PRE,C,0
2455,Parcelado_Loja,24326.0,0.1447,46,POS-CDI,AA,0
2456,Parcelado_Loja,44934.9,0.2168,38,PRE,A,0
2457,Parcelado_Loja,33880.27,0.1533,8,PRE,A,0
2458,Cartao_Credito,7281.45,0.1971,37,PRE,AA,0
2459,Cartao_Credito,49751.58,0.1311,27,PRE,AA,0
2460,Parcelado_Loja,26598.02,0.1603,28,PRE,A,0
2461,Parcelado_Loja,19896.99,0.1854,40,POS-CDI,AA,5
2462,Cartao_Credito,33126.13,0.199,34,PRE,A,5
2463,Cartao_Credito,5890.22,0.2959,32,PRE,A,0
2464,Emprestimo_Pessoal,32008.66,0.2654,15,PRE,C,0
2465,Emprestimo_Pessoal,25162.68,0.2527,44,PRE,A,5
2466,Cartao_Credito,20630.37,0.2167,17,PRE,AA,0
2467,Parcelado_Loja,47674.49,0.2712,33,POS-CDI,AA,0
2468,Parcelado_Loja,26365.72,0.1811,47,PRE,AA,0
2469,Parcelado_Loja,11346.32,0.2476,46,PRE,E,0
2470,Parcelado_Loja,23218.69,0.2989,16,PRE,D,0
2471,Emprestimo_Pessoal,46009.68,0.1766,29,PRE,AA,0
2472,Cartao_Credito,9216.73,0.2413,9,POS-CDI,AA,0
2473,Parcelado_Loja,11090.87,0.272,33,PRE,D,0
2474,Emprestimo_Pessoal,1144.96,0.2848,29,PRE,D,45
2475,Parcelado_Loja,1202.41,0.2492,13,POS-CDI,D,0
2476,Cartao_Credito,41554.89,0.171,21,PRE,C,0
2477,Emprestimo_Pessoal,36740.07,0.1787,21,PRE,A,0
2478,Cartao_Credito,18074.53,0.1237,5,PRE,AA,0
2479,Cartao_Credito,35066.4,0.257,10,PRE,A,15
2480,Emprestimo_Pessoal,20062.69,0.1277,6,POS-CDI,A,0
2481,Emprestimo_Pessoal,47668.39,0.2756,13,PRE,A,5
2482,Emprestimo_Pessoal,48369.11,0.1414,1,POS-CDI,A,0
2483,Emprestimo_Pessoal,19943.29,0.1509,20,PRE,AA,0
2484,Emprestimo_Pessoal,42783.98,0.2058,47,POS-CDI,AA,0
2485,Emprestimo_Pessoal,38767.91,0.2528,46,PRE,A,0
2486,Emprestimo_Pessoal,15845.0,0.145,8,PRE,AA,5
2487,Parcelado_Loja,11985.97,0.1992,10,PRE,A,0
2488,Cartao_Credito,23182.62,0.2069,9,PRE,C,0
2489,Emprestimo_Pessoal,39176.77,0.1582,41,PRE,C,15
2490,Parcelado_Loja,48028.31,0.1408,3,POS-CDI,A,0
2491,Parcelado_Loja,38297.16,0.2706,11,POS-CDI,A,5
2492,Parcelado_Loja,42832.75,0.2104,12,PRE,AA,0
2493,Cartao_Credito,30351.68,0.1226,10,PRE,A,0
2494,Emprestimo_Pessoal,41852.69,0.2645,25,POS-CDI,A,0
2495,Parcelado_Loja,39328.83,0.2965,25,PRE,A,0
2496,Cartao_Credito,19160.78,0.2291,11,POS-CDI,D,0
2497,Cartao_Credito,27823.52,0.2107,36,PRE,A,0
2498,Cartao_Credito,40335.28,0.2781,39,PRE,AA,0
2499,Parcelado_Loja,2779.81,0.2915,26,PRE,AA,0
2500,Emprestimo_Pessoal,40499.92,0.2558,14,PRE,A,0
2501,Parcelado_Loja,9305.46,0.2002,39,PRE,A,5
2502,Parcelado_Loja,25976.84,0.2266,40,POS-CDI,D,0
2503,Emprestimo_Pessoal,40509.63,0.2462,1,POS-CDI,A,0
2504,Emprestimo_Pessoal,13064.14,0.155,4,PRE,A,0
2505,Emprestimo_Pessoal,12667.47,0.2005,30,PRE,A,0
2506,Cartao_Credito,20436.84,0.2694,12,PRE,A,5
2507,Emprestimo_Pessoal,44784.82,0.2379,35,POS-CDI,A,0
2508,Parcelado_Loja,521.92,0.194,13,PRE,A,5
2509,Emprestimo_Pessoal,45118.46,0.2394,31,PRE,A,0
2510,Parcelado_Loja,8113.45,0.1413,38,PRE,AA,0
2511,Cartao_Credito,49509.28,0.1923,43,PRE,D,0
2512,Parcelado_Loja,47764.93,0.2628,23,POS-CDI,AA,5
2513,Parcelado_Loja,24986.42,0.1597,4,PRE,AA,15
2514,Emprestimo_Pessoal,25879.65,0.1535,16,PRE,AA,0
2515,Emprestimo_Pessoal,24336.69,0.2911,7,PRE,AA,5
2516,Parcelado_Loja,31954.46,0.1578,22,PRE,A,0
2517,Emprestimo_Pessoal,4990.72,0.167,29,PRE,AA,15
2518,Cartao_Credito,2114.59,0.2945,11,PRE,AA,0
2519,Cartao_Credito,3356.29,0.2522,33,PRE,A,0
2520,Emprestimo_Pessoal,22496.08,0.2459,29,PRE,A,0
2521,Cartao_Credito,14139.62,0.2735,39,PRE,AA,45
2522,Emprestimo_Pessoal,31290.96,0.1408,12,PRE,A,5
2523,Parcelado_Loja,49625.89,0.2471,7,POS-CDI,B,15
2524,Parcelado_Loja,19623.0,0.2107,39,PRE,G,5
2525,Cartao_Credito,28905.14,0.2692,42,PRE,A,0
2526,Emprestimo_Pessoal,21072.39,0.2115,26,PRE,AA,15
2527,Emprestimo_Pessoal,42439.95,0.2316,40,PRE,B,45
2528,Cartao_Credito,45160.7,0.206,9,PRE,A,0
2529,Parcelado_Loja,43929.1,0.2061,41,POS-CDI,AA,0
2530,Cartao_Credito,48731.43,0.2582,34,PRE,D,0
2531,Parcelado_Loja,1862.2,0.2331,45,PRE,A,45
2532,Emprestimo_Pessoal,42070.9,0.234,13,POS-CDI,F,5
2533,Parcelado_Loja,37712.72,0.2011,36,PRE,B,5
2534,Cartao_Credito,11820.37,0.2156,25,POS-CDI,A,15
2535,Emprestimo_Pessoal,47837.84,0.2542,24,PRE,B,5
2536,Cartao_Credito,7834.81,0.2687,44,POS-CDI,A,0
2537,Cartao_Credito,34137.72,0.2454,17,POS-CDI,A,0
2538,Parcelado_Loja,11632.07,0.2863,2,POS-CDI,D,0
2539,Cartao_Credito,21853.34,0.2677,13,POS-CDI,A,0
2540,Parcelado_Loja,36098.41,0.2211,31,POS-CDI,D,0
2541,Emprestimo_Pessoal,28384.57,0.2409,29,POS-CDI,D,5
2542,Parcelado_Loja,21661.34,0.2867,28,PRE,G,0
2543,Emprestimo_Pessoal,16653.75,0.2315,27,PRE,B,0
2544,Parcelado_Loja,42063.15,0.2685,15,PRE,A,0
2545,Cartao_Credito,7618.81,0.244,31,POS-CDI,AA,0
2546,Parcelado_Loja,21790.09,0.2193,40,POS-CDI,B,0
2547,Parcelado_Loja,45236.0,0.1635,15,POS-CDI,AA,0
2548,Emprestimo_Pessoal,42369.55,0.1967,33,POS-CDI,AA,0
2549,Cartao_Credito,20346.62,0.2942,20,PRE,AA,0
2550,Parcelado_Loja,38273.86,0.2384,42,PRE,D,0
2551,Cartao_Credito,41246.46,0.2216,12,PRE,D,0
2552,Parcelado_Loja,44499.93,0.2879,37,PRE,A,0
2553,Parcelado_Loja,27453.04,0.2256,9,PRE,A,0
2554,Cartao_Credito,10620.81,0.2147,23,POS-CDI,A,0
2555,Parcelado_Loja,13137.8,0.2567,8,POS-CDI,A,0
2556,Cartao_Credito,15136.89,0.2483,32,PRE,A,5
2557,Parcelado_Loja,29893.22,0.1548,14,PRE,AA,0
2558,Emprestimo_Pessoal,2124.08,0.2048,27,PRE,AA,0
2559,Cartao_Credito,31984.1,0.2051,25,PRE,A,0
2560,Parcelado_Loja,18535.53,0.1881,13,PRE,A,0
2561,Parcelado_Loja,15114.47,0.2131,21,PRE,A,0
2562,Emprestimo_Pessoal,44035.08,0.1944,45,PRE,F,0
2563,Cartao_Credito,23270.12,0.1559,31,PRE,AA,0
2564,Parcelado_Loja,5205.13,0.1942,37,POS-CDI,AA,0
2565,Emprestimo_Pessoal,41423.97,0.133,43,PRE,A,0
2566,Parcelado_Loja,2858.24,0.2236,5,PRE,AA,0
2567,Cartao_Credito,36474.09,0.2737,13,PRE,AA,0
2568,Parcelado_Loja,38808.36,0.2506,28,PRE,AA,15
2569,Parcelado_Loja,17953.83,0.1849,43,PRE,A,0
2570,Parcelado_Loja,41327.0,0.1357,25,POS-CDI,AA,0
2571,Parcelado_Loja,26025.14,0.1564,35,PRE,B,0
2572,Emprestimo_Pessoal,23433.04,0.2182,47,PRE,A,5
2573,Emprestimo_Pessoal,2747.46,0.1573,39,PRE,AA,0
2574,Cartao_Credito,14856.45,0.2179,7,PRE,B,0
2575,Emprestimo_Pessoal,46584.99,0.1617,38,PRE,AA,0
2576,Emprestimo_Pessoal,19895.29,0.2728,32,PRE,C,0
2577,Cartao_Credito,27561.68,0.1915,3,POS-CDI,E,0
2578,Emprestimo_Pessoal,26835.07,0.1642,45,POS-CDI,AA,0
2579,Emprestimo_Pessoal,29726.34,0.2662,39,POS-CDI,E,0
2580,Cartao_Credito,3535.88,0.1817,37,PRE,B,0
2581,Cartao_Credito,18427.72,0.1401,22,PRE,E,0
2582,Cartao_Credito,36294.85,0.2227,8,POS-CDI,A,0
2583,Parcelado_Loja,10427.73,0.2247,17,PRE,AA,0
2584,Parcelado_Loja,10577.13,0.2486,27,PRE,D,0
2585,Cartao_Credito,999.49,0.1632,33,PRE,AA,45
2586,Cartao_Credito,22155.36,0.1999,46,PRE,AA,0
2587,Cartao_Credito,44195.35,0.1708,17,PRE,AA,200
2588,Parcelado_Loja,3069.1,0.1346,42,PRE,AA,0
2589,Parcelado_Loja,9960.38,0.2778,12,PRE,A,0
2590,Emprestimo_Pessoal,15849.18,0.2512,46,POS-CDI,B,0
2591,Emprestimo_Pessoal,36720.37,0.1743,27,PRE,E,0
2592,Cartao_Credito,32211.46,0.2279,8,PRE,AA,0
2593,Parcelado_Loja,21089.22,0.1562,23,PRE,F,0
2594,Parcelado_Loja,38073.91,0.2802,42,PRE,E,0
2595,Parcelado_Loja,30676.74,0.1407,29,PRE,AA,0
2596,Cartao_Credito,44854.02,0.1207,20,POS-CDI,AA,0
2597,Emprestimo_Pessoal,40992.32,0.2104,16,PRE,C,0
2598,Cartao_Credito,13014.27,0.225,17,POS-CDI,A,0
2599,Emprestimo_Pessoal,13936.21,0.2242,16,PRE,B,5
2600,Emprestimo_Pessoal,6705.15,0.1298,19,PRE,B,45
2601,Cartao_Credito,17179.75,0.1765,8,POS-CDI,A,0
2602,Emprestimo_Pessoal,49977.42,0.2099,38,PRE,AA,0
2603,Emprestimo_Pessoal,20584.68,0.159,38,PRE,A,5
2604,Parcelado_Loja,11414.18,0.2771,29,PRE,AA,5
2605,Emprestimo_Pessoal,38242.9,0.1357,41,PRE,A,0
2606,Cartao_Credito,27352.31,0.2077,36,PRE,C,15
2607,Cartao_Credito,7905.27,0.2445,26,PRE,A,0
2608,Emprestimo_Pessoal,19344.14,0.1671,31,PRE,H,0
2609,Parcelado_Loja,21016.25,0.2324,44,PRE,A,0
2610,Parcelado_Loja,37814.57,0.2693,12,POS-CDI,B,0
2611,Emprestimo_Pessoal,1523.23,0.1543,17,POS-CDI,A,100
2612,Emprestimo_Pessoal,13816.47,0.2851,15,POS-CDI,H,0
2613,Cartao_Credito,26121.02,0.2196,9,PRE,B,0
2614,Emprestimo_Pessoal,13807.91,0.1739,39,POS-CDI,AA,0
2615,Parcelado_Loja,31607.49,0.1976,42,PRE,F,0
2616,Emprestimo_Pessoal,24352.44,0.1762,12,POS-CDI,A,0
2617,Cartao_Credito,18404.66,0.2505,32,PRE,AA,5
2618,Cartao_Credito,47485.83,0.2633,25,PRE,A,0
2619,Cartao_Credito,31791.9,0.2699,39,POS-CDI,D,0
2620,Cartao_Credito,6932.1,0.2974,18,PRE,A,5
2621,Cartao_Credito,28224.54,0.2624,15,PRE,AA,0
2622,Emprestimo_Pessoal,39146.23,0.2282,32,POS-CDI,C,100
2623,Emprestimo_Pessoal,35570.24,0.1811,6,POS-CDI,B,0
2624,Emprestimo_Pessoal,9018.42,0.218,44,POS-CDI,A,0
2625,Emprestimo_Pessoal,48634.79,0.1274,43,PRE,AA,0
2626,Cartao_Credito,22716.28,0.2541,35,PRE,AA,45
2627,Parcelado_Loja,8371.74,0.2003,34,PRE,B,0
2628,Emprestimo_Pessoal,9419.69,0.1236,38,PRE,C,0
2629,Parcelado_Loja,5362.63,0.1313,5,PRE,AA,0
2630,Emprestimo_Pessoal,40274.15,0.1897,18,PRE,AA,0
2631,Emprestimo_Pessoal,6540.51,0.225,16,PRE,AA,0
2632,Parcelado_Loja,6693.7,0.2036,8,PRE,B,100
2633,Cartao_Credito,42598.34,0.2315,25,POS-CDI,AA,5
2634,Emprestimo_Pessoal,17557.9,0.2065,32,POS-CDI,AA,0
2635,Emprestimo_Pessoal,2027.47,0.2391,26,POS-CDI,AA,0
2636,Emprestimo_Pessoal,3068.82,0.1594,22,POS-CDI,A,0
2637,Parcelado_Loja,7537.44,0.1403,31,PRE,A,0
2638,Cartao_Credito,11062.97,0.2274,43,POS-CDI,AA,5
2639,Parcelado_Loja,33424.74,0.2072,10,PRE,E,5
2640,Parcelado_Loja,8287.65,0.1248,12,POS-CDI,AA,5
2641,Cartao_Credito,6384.28,0.1885,28,POS-CDI,AA,0
2642,Parcelado_Loja,38353.6,0.1391,6,POS-CDI,F,0
2643,Cartao_Credito,33717.24,0.2156,20,PRE,A,0
2644,Emprestimo_Pessoal,22048.55,0.1912,5,PRE,A,0
2645,Cartao_Credito,27690.83,0.2304,23,PRE,AA,0
2646,Emprestimo_Pessoal,15943.21,0.265,9,PRE,B,15
2647,Parcelado_Loja,24383.77,0.1739,29,PRE,A,5
2648,Parcelado_Loja,25580.3,0.2932,16,PRE,C,45
2649,Emprestimo_Pessoal,19668.24,0.2164,46,PRE,AA,5
2650,Parcelado_Loja,45375.32,0.2313,22,PRE,A,0
2651,Cartao_Credito,1295.06,0.2425,8,POS-CDI,B,0
2652,Emprestimo_Pessoal,39217.48,0.24,20,PRE,G,0
2653,Parcelado_Loja,6656.95,0.212,14,PRE,AA,0
2654,Emprestimo_Pessoal,39978.59,0.1972,39,POS-CDI,C,0
2655,Cartao_Credito,30987.64,0.1297,37,PRE,AA,0
2656,Cartao_Credito,42242.27,0.124,34,POS-CDI,A,0
2657,Parcelado_Loja,5326.96,0.1844,11,PRE,AA,0
2658,Cartao_Credito,28169.54,0.1801,40,PRE,A,0
2659,Emprestimo_Pessoal,25303.85,0.1898,33,PRE,AA,0
2660,Cartao_Credito,35456.56,0.1449,31,PRE,AA,0
2661,Emprestimo_Pessoal,26947.38,0.2529,44,PRE,AA,0
2662,Emprestimo_Pessoal,27266.36,0.2743,34,PRE,AA,0
2663,Cartao_Credito,21765.0,0.289,7,PRE,E,5
2664,Parcelado_Loja,15787.3,0.2086,23,PRE,H,0
2665,Cartao_Credito,24372.09,0.2462,46,PRE,B,0
2666,Emprestimo_Pessoal,6365.37,0.274,7,PRE,AA,0
2667,Emprestimo_Pessoal,48094.91,0.1953,25,PRE,A,45
2668,Cartao_Credito,35863.33,0.1757,3,PRE,B,0
2669,Parcelado_Loja,47647.12,0.2886,38,PRE,F,5
2670,Parcelado_Loja,11723.01,0.2128,20,PRE,A,15
2671,Emprestimo_Pessoal,44027.38,0.2095,34,PRE,C,5
2672,Emprestimo_Pessoal,40535.1,0.1521,44,POS-CDI,G,0
2673,Parcelado_Loja,34019.04,0.1395,44,PRE,D,0
2674,Cartao_Credito,31438.94,0.2716,30,POS-CDI,AA,0
2675,Emprestimo_Pessoal,16169.21,0.2305,17,POS-CDI,AA,0
2676,Emprestimo_Pessoal,40912.33,0.1786,10,PRE,A,0
2677,Parcelado_Loja,25325.02,0.1545,35,PRE,A,15
2678,Cartao_Credito,4009.13,0.22,20,POS-CDI,AA,15
2679,Parcelado_Loja,15986.73,0.2251,18,POS-CDI,AA,0
2680,Cartao_Credito,46797.21,0.1573,45,PRE,B,0
2681,Cartao_Credito,42608.67,0.2733,44,POS-CDI,A,45
2682,Cartao_Credito,49104.33,0.1352,27,POS-CDI,AA,0
2683,Emprestimo_Pessoal,31585.67,0.1841,36,PRE,A,0
2684,Parcelado_Loja,12751.75,0.2425,23,POS-CDI,A,0
2685,Parcelado_Loja,8559.34,0.1693,32,PRE,B,0
2686,Cartao_Credito,9752.26,0.269,10,PRE,AA,0
2687,Emprestimo_Pessoal,1479.89,0.2532,11,POS-CDI,B,0
2688,Emprestimo_Pessoal,19838.76,0.262,38,POS-CDI,A,0
2689,Parcelado_Loja,9975.67,0.1414,6,PRE,AA,0
2690,Emprestimo_Pessoal,20876.95,0.1453,41,PRE,B,0
2691,Emprestimo_Pessoal,46782.22,0.1716,47,PRE,AA,0
2692,Cartao_Credito,21811.74,0.2133,34,POS-CDI,AA,0
2693,Emprestimo_Pessoal,43960.23,0.2546,36,PRE,A,0
2694,Cartao_Credito,30472.49,0.2706,37,POS-CDI,AA,5
2695,Parcelado_Loja,12733.01,0.2468,17,POS-CDI,AA,0
2696,Emprestimo_Pessoal,18114.81,0.2871,40,PRE,C,0
2697,Parcelado_Loja,4654.02,0.253,40,PRE,AA,45
2698,Parcelado_Loja,17006.4,0.1751,12,PRE,G,5
2699,Emprestimo_Pessoal,34038.28,0.1677,21,PRE,A,45
2700,Emprestimo_Pessoal,4069.5,0.2453,40,PRE,AA,0
2701,Parcelado_Loja,10667.37,0.1547,19,PRE,AA,0
2702,Emprestimo_Pessoal,19381.33,0.1367,3,PRE,A,15
2703,Cartao_Credito,49111.45,0.2158,18,PRE,A,5
2704,Cartao_Credito,39350.66,0.2679,19,PRE,AA,5
2705,Emprestimo_Pessoal,36807.59,0.1382,47,PRE,AA,0
2706,Parcelado_Loja,6251.45,0.2625,6,PRE,B,0
2707,Emprestimo_Pessoal,39159.3,0.2661,16,PRE,AA,0
2708,Emprestimo_Pessoal,39370.81,0.2068,8,PRE,D,0
2709,Parcelado_Loja,30254.58,0.1303,18,PRE,A,0
2710,Parcelado_Loja,49522.91,0.1514,43,PRE,A,0
2711,Cartao_Credito,16600.07,0.2473,39,POS-CDI,AA,0
2712,Parcelado_Loja,47092.99,0.2481,12,PRE,AA,0
2713,Cartao_Credito,45779.19,0.2817,45,PRE,C,0
2714,Parcelado_Loja,1068.29,0.2249,10,POS-CDI,AA,5
2715,Emprestimo_Pessoal,22780.77,0.1423,7,PRE,AA,5
2716,Cartao_Credito,48866.66,0.1419,46,PRE,A,0
2717,Cartao_Credito,5604.51,0.2498,1,POS-CDI,AA,0
2718,Cartao_Credito,27615.34,0.1531,36,POS-CDI,A,45
2719,Emprestimo_Pessoal,48958.4,0.1791,21,POS-CDI,C,0
2720,Emprestimo_Pessoal,27997.02,0.2077,37,POS-CDI,A,0
2721,Emprestimo_Pessoal,9895.86,0.1245,24,PRE,F,0
2722,Emprestimo_Pessoal,29318.07,0.1648,25,PRE,C,0
2723,Emprestimo_Pessoal,10619.81,0.1934,7,PRE,AA,0
2724,Cartao_Credito,26225.36,0.1703,42,PRE,AA,0
2725,Emprestimo_Pessoal,4165.09,0.1445,17,PRE,A,0
2726,Cartao_Credito,30471.39,0.251,29,POS-CDI,A,0
2727,Emprestimo_Pessoal,26081.1,0.2664,30,PRE,AA,0
2728,Parcelado_Loja,37137.99,0.1663,7,PRE,F,0
2729,Cartao_Credito,31719.67,0.2594,33,POS-CDI,A,0
2730,Parcelado_Loja,27705.51,0.1894,7,POS-CDI,AA,0
2731,Cartao_Credito,34644.05,0.2112,24,PRE,A,0
2732,Parcelado_Loja,7625.12,0.2741,11,POS-CDI,AA,0
2733,Emprestimo_Pessoal,29970.3,0.255,9,POS-CDI,C,0
2734,Emprestimo_Pessoal,9019.47,0.2649,12,PRE,A,0
2735,Emprestimo_Pessoal,46313.35,0.1446,35,PRE,AA,0
2736,Cartao_Credito,3882.54,0.1325,4,PRE,AA,0
2737,Parcelado_Loja,21803.55,0.2808,36,PRE,D,0
2738,Emprestimo_Pessoal,34941.98,0.1898,28,PRE,A,0
2739,Parcelado_Loja,23172.1,0.1718,13,POS-CDI,F,0
2740,Parcelado_Loja,5058.72,0.2504,23,POS-CDI,AA,0
2741,Emprestimo_Pessoal,27892.26,0.2706,19,POS-CDI,AA,0
2742,Emprestimo_Pessoal,32260.78,0.2752,42,POS-CDI,AA,0
2743,Parcelado_Loja,35337.72,0.1769,37,POS-CDI,A,0
2744,Emprestimo_Pessoal,18976.36,0.2734,39,PRE,AA,5
2745,Emprestimo_Pessoal,28401.17,0.1274,24,PRE,AA,0
2746,Emprestimo_Pessoal,22808.98,0.1289,16,POS-CDI,A,0
2747,Cartao_Credito,33766.77,0.2322,33,PRE,A,0
2748,Parcelado_Loja,29386.07,0.1314,12,PRE,AA,0
2749,Parcelado_Loja,26524.93,0.1784,34,PRE,A,15
2750,Cartao_Credito,12851.46,0.2411,7,POS-CDI,B,0
2751,Parcelado_Loja,599.92,0.1807,11,PRE,AA,0
2752,Emprestimo_Pessoal,9117.04,0.1523,31,POS-CDI,AA,0
2753,Parcelado_Loja,6294.77,0.1706,29,PRE,AA,0
2754,Emprestimo_Pessoal,22729.69,0.2024,13,PRE,B,0
2755,Cartao_Credito,30806.78,0.2056,31,PRE,C,0
2756,Emprestimo_Pessoal,11047.71,0.2609,2,POS-CDI,AA,5
2757,Parcelado_Loja,46983.33,0.255,39,PRE,AA,0
2758,Parcelado_Loja,830.77,0.2022,15,POS-CDI,D,0
2759,Parcelado_Loja,38728.9,0.2722,11,PRE,H,0
2760,Cartao_Credito,31447.64,0.1406,34,PRE,A,0
2761,Cartao_Credito,18990.96,0.166,39,PRE,G,0
2762,Parcelado_Loja,2999.2,0.269,4,PRE,A,0
2763,Emprestimo_Pessoal,31560.59,0.188,11,PRE,B,0
2764,Cartao_Credito,19587.87,0.2966,29,PRE,AA,0
2765,Parcelado_Loja,46845.22,0.2039,2,POS-CDI,A,45
2766,Parcelado_Loja,27328.51,0.2625,16,PRE,AA,0
2767,Cartao_Credito,47012.75,0.1924,39,PRE,C,0
2768,Cartao_Credito,11413.94,0.1965,13,POS-CDI,E,0
2769,Cartao_Credito,36423.43,0.1889,37,PRE,A,0
2770,Emprestimo_Pessoal,31053.83,0.2494,17,PRE,AA,0
2771,Emprestimo_Pessoal,37100.71,0.2186,21,PRE,AA,0
2772,Parcelado_Loja,11126.06,0.2899,44,PRE,AA,0
2773,Cartao_Credito,33417.23,0.1652,19,PRE,AA,0
2774,Emprestimo_Pessoal,25153.0,0.1381,7,POS-CDI,A,5
2775,Cartao_Credito,37269.84,0.1908,38,PRE,F,0
2776,Parcelado_Loja,16688.71,0.231,8,PRE,AA,0
2777,Emprestimo_Pessoal,44557.82,0.2749,13,PRE,AA,0
2778,Emprestimo_Pessoal,4672.92,0.1823,37,POS-CDI,A,0
2779,Emprestimo_Pessoal,40455.87,0.2377,2,PRE,AA,0
2780,Parcelado_Loja,43135.32,0.183,41,POS-CDI,D,0
2781,Cartao_Credito,40953.99,0.2311,11,POS-CDI,AA,0
2782,Emprestimo_Pessoal,25879.96,0.2793,24,POS-CDI,AA,0
2783,Parcelado_Loja,22200.06,0.1616,6,POS-CDI,AA,0
2784,Cartao_Credito,49814.98,0.1928,26,PRE,AA,0
2785,Parcelado_Loja,11844.01,0.2988,7,POS-CDI,A,0
2786,Cartao_Credito,27570.36,0.2763,39,PRE,AA,5
2787,Parcelado_Loja,33698.44,0.2216,19,POS-CDI,A,45
2788,Cartao_Credito,35192.95,0.213,6,PRE,A,15
2789,Emprestimo_Pessoal,10599.22,0.1712,43,POS-CDI,AA,0
2790,Cartao_Credito,32872.71,0.2131,29,PRE,AA,0
2791,Parcelado_Loja,41009.29,0.2727,43,PRE,A,0
2792,Parcelado_Loja,2975.92,0.2433,39,POS-CDI,A,0
2793,Cartao_Credito,45620.3,0.1722,2,PRE,F,0
2794,Emprestimo_Pessoal,1960.45,0.1563,19,PRE,AA,0
2795,Emprestimo_Pessoal,18120.57,0.1677,4,PRE,AA,0
2796,Cartao_Credito,1282.75,0.1506,6,POS-CDI,AA,0
2797,Cartao_Credito,4318.69,0.1372,37,PRE,A,0
2798,Parcelado_Loja,45602.83,0.1954,28,PRE,A,0
2799,Emprestimo_Pessoal,18065.61,0.1404,30,PRE,C,0
2800,Cartao_Credito,21526.19,0.1509,7,PRE,A,5
2801,Emprestimo_Pessoal,11159.55,0.2185,9,POS-CDI,AA,0
2802,Cartao_Credito,30056.24,0.1496,25,POS-CDI,A,0
2803,Cartao_Credito,29942.76,0.1315,33,PRE,E,0
2804,Emprestimo_Pessoal,18923.92,0.1771,1,PRE,AA,0
2805,Cartao_Credito,16985.23,0.1597,6,POS-CDI,A,0
2806,Cartao_Credito,44305.73,0.2128,18,PRE,F,0
2807,Parcelado_Loja,19472.57,0.1384,10,PRE,B,0
2808,Cartao_Credito,24928.3,0.2553,28,PRE,B,0
2809,Cartao_Credito,14523.59,0.2831,11,PRE,AA,0
2810,Cartao_Credito,39445.09,0.2538,33,PRE,A,0
2811,Parcelado_Loja,20173.68,0.2159,1,PRE,AA,0
2812,Emprestimo_Pessoal,25923.75,0.2749,13,PRE,A,0
2813,Parcelado_Loja,13041.18,0.2451,37,PRE,AA,0
2814,Parcelado_Loja,49389.15,0.1219,20,POS-CDI,C,0
2815,Emprestimo_Pessoal,14929.04,0.1909,1,PRE,C,5
2816,Parcelado_Loja,38651.76,0.2732,3,POS-CDI,A,0
2817,Emprestimo_Pessoal,21661.03,0.1823,18,PRE,AA,0
2818,Parcelado_Loja,10707.76,0.1263,41,POS-CDI,AA,0
2819,Emprestimo_Pessoal,40086.08,0.2543,14,POS-CDI,B,0
2820,Cartao_Credito,17013.54,0.2644,31,POS-CDI,A,0
2821,Parcelado_Loja,43327.07,0.1489,27,POS-CDI,B,0
2822,Parcelado_Loja,45805.23,0.2167,17,PRE,AA,15
2823,Parcelado_Loja,43061.28,0.1546,46,PRE,A,0
2824,Parcelado_Loja,2232.89,0.2495,29,PRE,B,0
2825,Cartao_Credito,39474.98,0.1689,36,PRE,A,5
2826,Parcelado_Loja,20861.3,0.1769,37,PRE,A,0
2827,Cartao_Credito,43749.28,0.2721,26,POS-CDI,B,0
2828,Cartao_Credito,32078.74,0.2057,17,PRE,AA,0
2829,Cartao_Credito,41765.34,0.2406,22,PRE,AA,0
2830,Cartao_Credito,25221.87,0.1924,25,POS-CDI,A,0
2831,Emprestimo_Pessoal,26983.76,0.1736,2,PRE,AA,0
2832,Emprestimo_Pessoal,7647.19,0.2326,22,PRE,B,15
2833,Parcelado_Loja,39307.37,0.1479,5,POS-CDI,B,0
2834,Emprestimo_Pessoal,21259.79,0.1871,4,PRE,D,0
2835,Emprestimo_Pessoal,25253.97,0.1576,36,PRE,A,0
2836,Parcelado_Loja,39362.34,0.2452,6,POS-CDI,AA,0
2837,Parcelado_Loja,30142.85,0.29,21,POS-CDI,AA,0
2838,Parcelado_Loja,10454.39,0.2992,13,POS-CDI,C,0
2839,Emprestimo_Pessoal,29716.52,0.201,37,PRE,AA,0
2840,Emprestimo_Pessoal,20677.83,0.1655,25,POS-CDI,A,0
2841,Parcelado_Loja,23741.51,0.1997,26,PRE,B,0
2842,Cartao_Credito,1901.41,0.2725,39,PRE,AA,100
2843,Parcelado_Loja,10896.45,0.1571,20,PRE,AA,0
2844,Cartao_Credito,14411.39,0.2914,33,PRE,A,0
2845,Cartao_Credito,35791.52,0.1815,14,PRE,D,5
2846,Parcelado_Loja,1068.88,0.2974,36,PRE,AA,0
2847,Parcelado_Loja,20734.47,0.2709,17,PRE,F,5
2848,Parcelado_Loja,46239.33,0.2655,21,PRE,A,0
2849,Emprestimo_Pessoal,6038.09,0.1772,46,POS-CDI,H,0
2850,Cartao_Credito,26063.01,0.1216,16,PRE,AA,5
2851,Emprestimo_Pessoal,39432.86,0.1888,46,PRE,AA,0
2852,Emprestimo_Pessoal,47155.3,0.1743,16,PRE,C,15
2853,Parcelado_Loja,37465.44,0.1267,20,PRE,D,5
2854,Emprestimo_Pessoal,36167.99,0.211,29,PRE,A,100
2855,Parcelado_Loja,41411.16,0.1925,28,PRE,B,0
2856,Cartao_Credito,22586.96,0.2342,8,PRE,D,0
2857,Parcelado_Loja,40389.3,0.2318,24,POS-CDI,AA,0
2858,Emprestimo_Pessoal,894.24,0.1417,3,PRE,A,45
2859,Emprestimo_Pessoal,46265.77,0.2959,25,PRE,D,0
2860,Parcelado_Loja,22443.67,0.1536,19,PRE,AA,0
2861,Parcelado_Loja,27892.32,0.2001,33,PRE,AA,0
2862,Emprestimo_Pessoal,13116.67,0.2079,2,PRE,B,0
2863,Cartao_Credito,37255.28,0.2664,15,PRE,AA,0
2864,Cartao_Credito,4293.47,0.1379,22,PRE,AA,0
2865,Parcelado_Loja,43695.47,0.1972,10,POS-CDI,F,5
2866,Cartao_Credito,41491.78,0.2331,18,POS-CDI,A,0
2867,Emprestimo_Pessoal,11194.98,0.1587,22,PRE,C,5
2868,Parcelado_Loja,40561.56,0.2329,46,POS-CDI,C,0
2869,Emprestimo_Pessoal,39424.71,0.2863,27,PRE,AA,0
2870,Emprestimo_Pessoal,31794.72,0.2996,13,POS-CDI,AA,0
2871,Cartao_Credito,18989.25,0.1258,33,PRE,AA,0
2872,Parcelado_Loja,13939.19,0.1624,5,PRE,AA,0
2873,Parcelado_Loja,11973.29,0.1759,26,POS-CDI,A,0
2874,Cartao_Credito,16271.14,0.1918,13,POS-CDI,A,0
2875,Emprestimo_Pessoal,45226.14,0.1636,27,POS-CDI,A,0
2876,Emprestimo_Pessoal,4343.22,0.1566,14,PRE,AA,0
2877,Emprestimo_Pessoal,41529.13,0.2918,24,POS-CDI,AA,0
2878,Emprestimo_Pessoal,17770.06,0.2853,3,POS-CDI,A,0
2879,Parcelado_Loja,26319.17,0.1285,47,PRE,A,0
2880,Parcelado_Loja,39827.04,0.181,30,PRE,AA,0
2881,Cartao_Credito,44276.64,0.1929,35,PRE,A,200
2882,Cartao_Credito,17566.68,0.163,14,POS-CDI,AA,0
2883,Parcelado_Loja,23361.25,0.2332,12,PRE,AA,0
2884,Parcelado_Loja,21018.55,0.2353,28,PRE,B,0
2885,Emprestimo_Pessoal,1155.93,0.2731,44,PRE,AA,0
2886,Emprestimo_Pessoal,15149.17,0.2534,29,PRE,A,0
2887,Cartao_Credito,23229.87,0.2177,43,PRE,AA,0
2888,Parcelado_Loja,20849.13,0.2376,17,PRE,AA,0
2889,Cartao_Credito,36235.5,0.1693,40,POS-CDI,AA,0
2890,Parcelado_Loja,19547.78,0.2268,21,PRE,F,0
2891,Emprestimo_Pessoal,24724.13,0.2081,23,POS-CDI,A,0
2892,Cartao_Credito,21765.63,0.144,20,PRE,H,0
2893,Cartao_Credito,37160.99,0.1637,11,PRE,A,5
2894,Parcelado_Loja,43217.13,0.1725,34,PRE,A,0
2895,Emprestimo_Pessoal,26828.51,0.2864,10,PRE,AA,15
2896,Cartao_Credito,39576.89,0.1615,10,PRE,AA,0
2897,Emprestimo_Pessoal,15190.94,0.1721,43,POS-CDI,AA,0
2898,Cartao_Credito,27297.8,0.1865,6,PRE,AA,0
2899,Emprestimo_Pessoal,17588.88,0.2395,36,PRE,A,0
2900,Parcelado_Loja,21002.95,0.1413,24,PRE,AA,0
2901,Cartao_Credito,36754.49,0.2917,12,PRE,AA,0
2902,Cartao_Credito,44142.29,0.2758,43,POS-CDI,AA,0
2903,Emprestimo_Pessoal,6514.02,0.2239,23,PRE,A,0
2904,Emprestimo_Pessoal,31914.64,0.2413,27,PRE,A,0
2905,Cartao_Credito,29316.12,0.123,45,PRE,D,0
2906,Parcelado_Loja,6361.54,0.181,37,PRE,AA,0
2907,Emprestimo_Pessoal,10988.77,0.2632,6,PRE,AA,0
2908,Emprestimo_Pessoal,15894.62,0.1339,1,PRE,AA,0
2909,Emprestimo_Pessoal,8763.09,0.1708,6,PRE,D,0
2910,Cartao_Credito,12564.61,0.2254,22,PRE,AA,5
2911,Cartao_Credito,13746.24,0.1662,41,PRE,A,15
2912,Cartao_Credito,17115.85,0.2881,24,POS-CDI,A,0
2913,Cartao_Credito,37594.83,0.1436,25,PRE,AA,0
2914,Parcelado_Loja,28809.65,0.2635,15,POS-CDI,AA,0
2915,Parcelado_Loja,49319.21,0.2114,26,POS-CDI,AA,0
2916,Cartao_Credito,21029.42,0.2551,8,PRE,D,0
2917,Parcelado_Loja,37816.32,0.1759,24,PRE,A,0
2918,Emprestimo_Pessoal,43637.69,0.2126,38,PRE,A,0
2919,Emprestimo_Pessoal,34109.44,0.2742,6,POS-CDI,A,0
2920,Emprestimo_Pessoal,20887.3,0.204,35,PRE,A,0
2921,Cartao_Credito,37802.93,0.1847,42,PRE,A,0
2922,Emprestimo_Pessoal,10581.52,0.2165,1,PRE,AA,0
2923,Parcelado_Loja,16713.83,0.2491,46,POS-CDI,AA,0
2924,Cartao_Credito,27560.92,0.1998,36,PRE,AA,0
2925,Parcelado_Loja,28982.76,0.289,12,PRE,A,0
2926,Emprestimo_Pessoal,1596.0,0.1731,38,PRE,AA,5
2927,Emprestimo_Pessoal,47283.15,0.2056,11,PRE,A,0
2928,Emprestimo_Pessoal,34983.05,0.2562,12,PRE,AA,0
2929,Cartao_Credito,25037.34,0.244,42,POS-CDI,F,0
2930,Parcelado_Loja,46689.8,0.2755,39,POS-CDI,AA,0
2931,Cartao_Credito,22235.23,0.2994,7,POS-CDI,AA,0
2932,Cartao_Credito,49031.56,0.1968,11,PRE,E,0
2933,Emprestimo_Pessoal,25858.1,0.14,36,PRE,A,0
2934,Cartao_Credito,6157.15,0.1255,31,PRE,F,0
2935,Cartao_Credito,38357.65,0.2508,33,PRE,AA,15
2936,Emprestimo_Pessoal,34105.44,0.2773,13,PRE,AA,0
2937,Cartao_Credito,38762.84,0.1597,18,PRE,A,0
2938,Emprestimo_Pessoal,47596.38,0.1485,41,PRE,D,0
2939,Emprestimo_Pessoal,38936.22,0.1312,24,PRE,AA,0
2940,Emprestimo_Pessoal,30761.16,0.2681,9,PRE,E,0
2941,Emprestimo_Pessoal,42936.79,0.176,31,POS-CDI,A,0
2942,Cartao_Credito,33825.7,0.1923,41,PRE,C,100
2943,Emprestimo_Pessoal,20701.89,0.2105,10,POS-CDI,AA,0
2944,Emprestimo_Pessoal,44338.18,0.2711,2,POS-CDI,AA,5
2945,Cartao_Credito,11484.07,0.2371,38,PRE,E,0
2946,Cartao_Credito,35874.74,0.2307,15,PRE,E,5
2947,Parcelado_Loja,44137.39,0.1516,3,PRE,A,0
2948,Cartao_Credito,36700.17,0.2124,43,POS-CDI,AA,0
2949,Cartao_Credito,35015.13,0.2488,31,PRE,AA,0
2950,Parcelado_Loja,37755.6,0.2952,6,POS-CDI,A,0
2951,Cartao_Credito,23520.23,0.1563,3,PRE,AA,0
2952,Cartao_Credito,43771.45,0.1217,11,POS-CDI,AA,0
2953,Cartao_Credito,10570.11,0.1336,15,POS-CDI,AA,0
2954,Cartao_Credito,6805.63,0.1877,45,PRE,B,0
2955,Parcelado_Loja,14632.68,0.2677,28,PRE,AA,0
2956,Cartao_Credito,26813.08,0.1213,10,PRE,A,0
2957,Cartao_Credito,25772.81,0.2022,38,PRE,A,0
2958,Parcelado_Loja,41119.64,0.1793,47,PRE,A,0
2959,Emprestimo_Pessoal,20526.15,0.1294,7,POS-CDI,A,0
2960,Parcelado_Loja,24475.05,0.201,15,PRE,AA,0
2961,Emprestimo_Pessoal,1161.7,0.1659,18,POS-CDI,A,0
2962,Parcelado_Loja,20782.09,0.1833,18,POS-CDI,C,0
2963,Parcelado_Loja,32564.82,0.247,41,PRE,A,0
2964,Cartao_Credito,1267.66,0.2139,24,POS-CDI,E,5
2965,Emprestimo_Pessoal,14403.66,0.1424,2,PRE,B,0
2966,Cartao_Credito,10793.84,0.2931,40,POS-CDI,B,0
2967,Emprestimo_Pessoal,2578.28,0.2345,20,PRE,AA,0
2968,Parcelado_Loja,24223.37,0.2579,34,PRE,A,45
2969,Parcelado_Loja,9495.3,0.1343,43,PRE,A,0
2970,Emprestimo_Pessoal,37282.54,0.1285,26,PRE,AA,0
2971,Cartao_Credito,42472.43,0.1235,7,PRE,A,0
2972,Cartao_Credito,27506.47,0.154,38,PRE,AA,0
2973,Cartao_Credito,49094.51,0.1946,30,PRE,A,0
2974,Cartao_Credito,22798.69,0.2884,42,POS-CDI,A,0
2975,Parcelado_Loja,25911.73,0.2023,5,PRE,A,0
2976,Parcelado_Loja,49466.28,0.1722,11,PRE,G,5
2977,Parcelado_Loja,11961.65,0.2211,1,PRE,AA,0
2978,Parcelado_Loja,47156.02,0.1401,34,POS-CDI,AA,0
2979,Parcelado_Loja,2620.46,0.2297,1,POS-CDI,AA,0
2980,Cartao_Credito,22596.15,0.2223,19,PRE,D,0
2981,Cartao_Credito,3965.17,0.2626,2,PRE,A,15
2982,Cartao_Credito,36597.12,0.2976,21,PRE,A,5
2983,Cartao_Credito,30616.24,0.1652,20,PRE,AA,5
2984,Parcelado_Loja,35478.4,0.2117,23,POS-CDI,A,15
2985,Parcelado_Loja,19036.78,0.2836,21,PRE,AA,0
2986,Parcelado_Loja,18789.36,0.2613,24,POS-CDI,B,0
2987,Emprestimo_Pessoal,2743.3,0.2077,4,PRE,C,0
2988,Cartao_Credito,17822.27,0.2902,12,POS-CDI,B,0
2989,Cartao_Credito,46499.78,0.1303,22,PRE,B,5
2990,Parcelado_Loja,19271.71,0.2876,20,POS-CDI,A,0
2991,Cartao_Credito,41652.7,0.1291,18,POS-CDI,B,0
2992,Cartao_Credito,42195.11,0.2185,1,POS-CDI,A,15
2993,Parcelado_Loja,18975.44,0.2803,30,PRE,A,0
2994,Emprestimo_Pessoal,31783.44,0.1673,33,PRE,AA,5
2995,Emprestimo_Pessoal,5220.89,0.205,24,PRE,AA,0
2996,Emprestimo_Pessoal,5632.09,0.1784,14,PRE,A,0
2997,Parcelado_Loja,2908.55,0.2914,36,PRE,A,0
2998,Cartao_Credito,29260.25,0.2683,5,PRE,AA,0
2999,Parcelado_Loja,21590.51,0.2476,11,PRE,B,0
3000,Parcelado_Loja,27627.6,0.2258,24,PRE,AA,0
